axis_lat,axis_lon,source_file,source_url,kml_name,downloaded_at_jst
34.90299999999999,130.446,qboc2026178.zip,https://www1.kaiho.mlit.go.jp/KANKYO/KAIYO/qboc/2026/shape/qboc2026178.zip,qboc2026178/ts/qboc2026178ts.kml,2026-09-28 14:59:39
35.02547982333643,130.5059052478858,qboc2026178.zip,https://www1.kaiho.mlit.go.jp/KANKYO/KAIYO/qboc/2026/shape/qboc2026178.zip,qboc2026178/ts/qboc2026178ts.kml,2026-09-28 14:59:39
35.14036471951361,130.5792913862502,qboc2026178.zip,https://www1.kaiho.mlit.go.jp/KANKYO/KAIYO/qboc/2026/shape/qboc2026178.zip,qboc2026178/ts/qboc2026178ts.kml,2026-09-28 14:59:39
35.24479147520204,130.6668882102253,qboc2026178.zip,https://www1.kaiho.mlit.go.jp/KANKYO/KAIYO/qboc/2026/shape/qboc2026178.zip,qboc2026178/ts/qboc2026178ts.kml,2026-09-28 14:59:39
35.33579020175593,130.7683447086299,qboc2026178.zip,https://www1.kaiho.mlit.go.jp/KANKYO/KAIYO/qboc/2026/shape/qboc2026178.zip,qboc2026178/ts/qboc2026178ts.kml,2026-09-28 14:59:39
35.41099999999999,130.882,qboc2026178.zip,https://www1.kaiho.mlit.go.jp/KANKYO/KAIYO/qboc/2026/shape/qboc2026178.zip,qboc2026178/ts/qboc2026178ts.kml,2026-09-28 14:59:39
35.46794161159592,131.0246111955992,qboc2026178.zip,https://www1.kaiho.mlit.go.jp/KANKYO/KAIYO/qboc/2026/shape/qboc2026178.zip,qboc2026178/ts/qboc2026178ts.kml,2026-09-28 14:59:39
35.49753939147575,131.175549929799,qboc2026178.zip,https://www1.kaiho.mlit.go.jp/KANKYO/KAIYO/qboc/2026/shape/qboc2026178.zip,qboc2026178/ts/qboc2026178ts.kml,2026-09-28 14:59:39
35.5116051618289,131.328807155027,qboc2026178.zip,https://www1.kaiho.mlit.go.jp/KANKYO/KAIYO/qboc/2026/shape/qboc2026178.zip,qboc2026178/ts/qboc2026178ts.kml,2026-09-28 14:59:39
35.51826180152769,131.4825926189819,qboc2026178.zip,https://www1.kaiho.mlit.go.jp/KANKYO/KAIYO/qboc/2026/shape/qboc2026178.zip,qboc2026178/ts/qboc2026178ts.kml,2026-09-28 14:59:39
35.52369609577308,131.6364300150249,qboc2026178.zip,https://www1.kaiho.mlit.go.jp/KANKYO/KAIYO/qboc/2026/shape/qboc2026178.zip,qboc2026178/ts/qboc2026178ts.kml,2026-09-28 14:59:39
35.534,131.79,qboc2026178.zip,https://www1.kaiho.mlit.go.jp/KANKYO/KAIYO/qboc/2026/shape/qboc2026178.zip,qboc2026178/ts/qboc2026178ts.kml,2026-09-28 14:59:39
35.53849601913824,131.9185685607299,qboc2026178.zip,https://www1.kaiho.mlit.go.jp/KANKYO/KAIYO/qboc/2026/shape/qboc2026178.zip,qboc2026178/ts/qboc2026178ts.kml,2026-09-28 14:59:39
35.53673117787875,132.0472626817957,qboc2026178.zip,https://www1.kaiho.mlit.go.jp/KANKYO/KAIYO/qboc/2026/shape/qboc2026178.zip,qboc2026178/ts/qboc2026178ts.kml,2026-09-28 14:59:39
35.5423832610325,132.1757705509528,qboc2026178.zip,https://www1.kaiho.mlit.go.jp/KANKYO/KAIYO/qboc/2026/shape/qboc2026178.zip,qboc2026178/ts/qboc2026178ts.kml,2026-09-28 14:59:39
35.57399999999999,132.3,qboc2026178.zip,https://www1.kaiho.mlit.go.jp/KANKYO/KAIYO/qboc/2026/shape/qboc2026178.zip,qboc2026178/ts/qboc2026178ts.kml,2026-09-28 14:59:39
35.64596806217405,132.4148598613445,qboc2026178.zip,https://www1.kaiho.mlit.go.jp/KANKYO/KAIYO/qboc/2026/shape/qboc2026178.zip,qboc2026178/ts/qboc2026178ts.kml,2026-09-28 14:59:39
35.74052692830044,132.5121993089346,qboc2026178.zip,https://www1.kaiho.mlit.go.jp/KANKYO/KAIYO/qboc/2026/shape/qboc2026178.zip,qboc2026178/ts/qboc2026178ts.kml,2026-09-28 14:59:39
35.851,132.591,qboc2026178.zip,https://www1.kaiho.mlit.go.jp/KANKYO/KAIYO/qboc/2026/shape/qboc2026178.zip,qboc2026178/ts/qboc2026178ts.kml,2026-09-28 14:59:39
35.97263721145428,132.6323013014046,qboc2026178.zip,https://www1.kaiho.mlit.go.jp/KANKYO/KAIYO/qboc/2026/shape/qboc2026178.zip,qboc2026178/ts/qboc2026178ts.kml,2026-09-28 14:59:39
36.10095806221905,132.6461201725147,qboc2026178.zip,https://www1.kaiho.mlit.go.jp/KANKYO/KAIYO/qboc/2026/shape/qboc2026178.zip,qboc2026178/ts/qboc2026178ts.kml,2026-09-28 14:59:39
36.22899999999999,132.662,qboc2026178.zip,https://www1.kaiho.mlit.go.jp/KANKYO/KAIYO/qboc/2026/shape/qboc2026178.zip,qboc2026178/ts/qboc2026178ts.kml,2026-09-28 14:59:39
36.37061375527435,132.6794236285008,qboc2026178.zip,https://www1.kaiho.mlit.go.jp/KANKYO/KAIYO/qboc/2026/shape/qboc2026178.zip,qboc2026178/ts/qboc2026178ts.kml,2026-09-28 14:59:39
36.51210634837503,132.697674160397,qboc2026178.zip,https://www1.kaiho.mlit.go.jp/KANKYO/KAIYO/qboc/2026/shape/qboc2026178.zip,qboc2026178/ts/qboc2026178ts.kml,2026-09-28 14:59:39
36.639,132.759,qboc2026178.zip,https://www1.kaiho.mlit.go.jp/KANKYO/KAIYO/qboc/2026/shape/qboc2026178.zip,qboc2026178/ts/qboc2026178ts.kml,2026-09-28 14:59:39
36.69408234395298,132.8763269279023,qboc2026178.zip,https://www1.kaiho.mlit.go.jp/KANKYO/KAIYO/qboc/2026/shape/qboc2026178.zip,qboc2026178/ts/qboc2026178ts.kml,2026-09-28 14:59:39
36.71053073905006,133.0066555452379,qboc2026178.zip,https://www1.kaiho.mlit.go.jp/KANKYO/KAIYO/qboc/2026/shape/qboc2026178.zip,qboc2026178/ts/qboc2026178ts.kml,2026-09-28 14:59:39
36.71941302071789,133.1378185901079,qboc2026178.zip,https://www1.kaiho.mlit.go.jp/KANKYO/KAIYO/qboc/2026/shape/qboc2026178.zip,qboc2026178/ts/qboc2026178ts.kml,2026-09-28 14:59:39
36.73704173787642,133.267991492262,qboc2026178.zip,https://www1.kaiho.mlit.go.jp/KANKYO/KAIYO/qboc/2026/shape/qboc2026178.zip,qboc2026178/ts/qboc2026178ts.kml,2026-09-28 14:59:39
36.788,133.388,qboc2026178.zip,https://www1.kaiho.mlit.go.jp/KANKYO/KAIYO/qboc/2026/shape/qboc2026178.zip,qboc2026178/ts/qboc2026178ts.kml,2026-09-28 14:59:39
38.151,133.429,qboc2026178.zip,https://www1.kaiho.mlit.go.jp/KANKYO/KAIYO/qboc/2026/shape/qboc2026178.zip,qboc2026178/ts/qboc2026178ts.kml,2026-09-28 14:59:39
38.01554186944968,133.4399051319807,qboc2026178.zip,https://www1.kaiho.mlit.go.jp/KANKYO/KAIYO/qboc/2026/shape/qboc2026178.zip,qboc2026178/ts/qboc2026178ts.kml,2026-09-28 14:59:39
38.28197542361876,133.4541113023556,qboc2026178.zip,https://www1.kaiho.mlit.go.jp/KANKYO/KAIYO/qboc/2026/shape/qboc2026178.zip,qboc2026178/ts/qboc2026178ts.kml,2026-09-28 14:59:39
37.88364884904385,133.4745748559365,qboc2026178.zip,https://www1.kaiho.mlit.go.jp/KANKYO/KAIYO/qboc/2026/shape/qboc2026178.zip,qboc2026178/ts/qboc2026178ts.kml,2026-09-28 14:59:39
36.87464892969501,133.4775546147859,qboc2026178.zip,https://www1.kaiho.mlit.go.jp/KANKYO/KAIYO/qboc/2026/shape/qboc2026178.zip,qboc2026178/ts/qboc2026178ts.kml,2026-09-28 14:59:39
38.40691451624312,133.5009257901224,qboc2026178.zip,https://www1.kaiho.mlit.go.jp/KANKYO/KAIYO/qboc/2026/shape/qboc2026178.zip,qboc2026178/ts/qboc2026178ts.kml,2026-09-28 14:59:39
37.75099999999999,133.506,qboc2026178.zip,https://www1.kaiho.mlit.go.jp/KANKYO/KAIYO/qboc/2026/shape/qboc2026178.zip,qboc2026178/ts/qboc2026178ts.kml,2026-09-28 14:59:39
37.61983528996463,133.526417172428,qboc2026178.zip,https://www1.kaiho.mlit.go.jp/KANKYO/KAIYO/qboc/2026/shape/qboc2026178.zip,qboc2026178/ts/qboc2026178ts.kml,2026-09-28 14:59:39
37.48826319084652,133.5439691730621,qboc2026178.zip,https://www1.kaiho.mlit.go.jp/KANKYO/KAIYO/qboc/2026/shape/qboc2026178.zip,qboc2026178/ts/qboc2026178ts.kml,2026-09-28 14:59:39
36.978,133.547,qboc2026178.zip,https://www1.kaiho.mlit.go.jp/KANKYO/KAIYO/qboc/2026/shape/qboc2026178.zip,qboc2026178/ts/qboc2026178ts.kml,2026-09-28 14:59:39
37.35599999999999,133.555,qboc2026178.zip,https://www1.kaiho.mlit.go.jp/KANKYO/KAIYO/qboc/2026/shape/qboc2026178.zip,qboc2026178/ts/qboc2026178ts.kml,2026-09-28 14:59:39
38.5233219873986,133.5661374611493,qboc2026178.zip,https://www1.kaiho.mlit.go.jp/KANKYO/KAIYO/qboc/2026/shape/qboc2026178.zip,qboc2026178/ts/qboc2026178ts.kml,2026-09-28 14:59:39
37.22894151295118,133.5678731867852,qboc2026178.zip,https://www1.kaiho.mlit.go.jp/KANKYO/KAIYO/qboc/2026/shape/qboc2026178.zip,qboc2026178/ts/qboc2026178ts.kml,2026-09-28 14:59:39
37.10155267607146,133.5753760014344,qboc2026178.zip,https://www1.kaiho.mlit.go.jp/KANKYO/KAIYO/qboc/2026/shape/qboc2026178.zip,qboc2026178/ts/qboc2026178ts.kml,2026-09-28 14:59:39
38.62801445008567,133.6488154667166,qboc2026178.zip,https://www1.kaiho.mlit.go.jp/KANKYO/KAIYO/qboc/2026/shape/qboc2026178.zip,qboc2026178/ts/qboc2026178ts.kml,2026-09-28 14:59:39
38.716,133.749,qboc2026178.zip,https://www1.kaiho.mlit.go.jp/KANKYO/KAIYO/qboc/2026/shape/qboc2026178.zip,qboc2026178/ts/qboc2026178ts.kml,2026-09-28 14:59:39
38.78721024682121,133.8693994569867,qboc2026178.zip,https://www1.kaiho.mlit.go.jp/KANKYO/KAIYO/qboc/2026/shape/qboc2026178.zip,qboc2026178/ts/qboc2026178ts.kml,2026-09-28 14:59:39
38.84224187468634,133.9980657065292,qboc2026178.zip,https://www1.kaiho.mlit.go.jp/KANKYO/KAIYO/qboc/2026/shape/qboc2026178.zip,qboc2026178/ts/qboc2026178ts.kml,2026-09-28 14:59:39
38.88256740254806,134.1320730977455,qboc2026178.zip,https://www1.kaiho.mlit.go.jp/KANKYO/KAIYO/qboc/2026/shape/qboc2026178.zip,qboc2026178/ts/qboc2026178ts.kml,2026-09-28 14:59:39
38.906,134.27,qboc2026178.zip,https://www1.kaiho.mlit.go.jp/KANKYO/KAIYO/qboc/2026/shape/qboc2026178.zip,qboc2026178/ts/qboc2026178ts.kml,2026-09-28 14:59:39
38.90760416339758,134.4325954281161,qboc2026178.zip,https://www1.kaiho.mlit.go.jp/KANKYO/KAIYO/qboc/2026/shape/qboc2026178.zip,qboc2026178/ts/qboc2026178ts.kml,2026-09-28 14:59:39
38.88871546706787,134.5941715523136,qboc2026178.zip,https://www1.kaiho.mlit.go.jp/KANKYO/KAIYO/qboc/2026/shape/qboc2026178.zip,qboc2026178/ts/qboc2026178ts.kml,2026-09-28 14:59:39
38.85128569358695,134.7524542204529,qboc2026178.zip,https://www1.kaiho.mlit.go.jp/KANKYO/KAIYO/qboc/2026/shape/qboc2026178.zip,qboc2026178/ts/qboc2026178ts.kml,2026-09-28 14:59:39
37.98900237917374,134.7746282654292,qboc2026178.zip,https://www1.kaiho.mlit.go.jp/KANKYO/KAIYO/qboc/2026/shape/qboc2026178.zip,qboc2026178/ts/qboc2026178ts.kml,2026-09-28 14:59:39
38.12804291222085,134.7970054403112,qboc2026178.zip,https://www1.kaiho.mlit.go.jp/KANKYO/KAIYO/qboc/2026/shape/qboc2026178.zip,qboc2026178/ts/qboc2026178ts.kml,2026-09-28 14:59:39
37.86299999999999,134.828,qboc2026178.zip,https://www1.kaiho.mlit.go.jp/KANKYO/KAIYO/qboc/2026/shape/qboc2026178.zip,qboc2026178/ts/qboc2026178ts.kml,2026-09-28 14:59:39
38.26158637056439,134.8431387361773,qboc2026178.zip,https://www1.kaiho.mlit.go.jp/KANKYO/KAIYO/qboc/2026/shape/qboc2026178.zip,qboc2026178/ts/qboc2026178ts.kml,2026-09-28 14:59:39
38.39310244453259,134.8948944314311,qboc2026178.zip,https://www1.kaiho.mlit.go.jp/KANKYO/KAIYO/qboc/2026/shape/qboc2026178.zip,qboc2026178/ts/qboc2026178ts.kml,2026-09-28 14:59:39
38.78599999999999,134.901,qboc2026178.zip,https://www1.kaiho.mlit.go.jp/KANKYO/KAIYO/qboc/2026/shape/qboc2026178.zip,qboc2026178/ts/qboc2026178ts.kml,2026-09-28 14:59:39
38.52651338252549,134.9414139045662,qboc2026178.zip,https://www1.kaiho.mlit.go.jp/KANKYO/KAIYO/qboc/2026/shape/qboc2026178.zip,qboc2026178/ts/qboc2026178ts.kml,2026-09-28 14:59:39
37.79098629002618,134.9557150870781,qboc2026178.zip,https://www1.kaiho.mlit.go.jp/KANKYO/KAIYO/qboc/2026/shape/qboc2026178.zip,qboc2026178/ts/qboc2026178ts.kml,2026-09-28 14:59:39
38.66555733271181,134.963259260734,qboc2026178.zip,https://www1.kaiho.mlit.go.jp/KANKYO/KAIYO/qboc/2026/shape/qboc2026178.zip,qboc2026178/ts/qboc2026178ts.kml,2026-09-28 14:59:39
37.74650034955037,135.0959804018933,qboc2026178.zip,https://www1.kaiho.mlit.go.jp/KANKYO/KAIYO/qboc/2026/shape/qboc2026178.zip,qboc2026178/ts/qboc2026178ts.kml,2026-09-28 14:59:39
37.71474577985393,135.2397418951197,qboc2026178.zip,https://www1.kaiho.mlit.go.jp/KANKYO/KAIYO/qboc/2026/shape/qboc2026178.zip,qboc2026178/ts/qboc2026178ts.kml,2026-09-28 14:59:39
37.68908836564088,135.3847345162108,qboc2026178.zip,https://www1.kaiho.mlit.go.jp/KANKYO/KAIYO/qboc/2026/shape/qboc2026178.zip,qboc2026178/ts/qboc2026178ts.kml,2026-09-28 14:59:39
37.665,135.53,qboc2026178.zip,https://www1.kaiho.mlit.go.jp/KANKYO/KAIYO/qboc/2026/shape/qboc2026178.zip,qboc2026178/ts/qboc2026178ts.kml,2026-09-28 14:59:39
37.6351540540012,135.6787014436153,qboc2026178.zip,https://www1.kaiho.mlit.go.jp/KANKYO/KAIYO/qboc/2026/shape/qboc2026178.zip,qboc2026178/ts/qboc2026178ts.kml,2026-09-28 14:59:39
37.6062536707196,135.8275836480138,qboc2026178.zip,https://www1.kaiho.mlit.go.jp/KANKYO/KAIYO/qboc/2026/shape/qboc2026178.zip,qboc2026178/ts/qboc2026178ts.kml,2026-09-28 14:59:39
37.59207819405193,135.9784479796157,qboc2026178.zip,https://www1.kaiho.mlit.go.jp/KANKYO/KAIYO/qboc/2026/shape/qboc2026178.zip,qboc2026178/ts/qboc2026178ts.kml,2026-09-28 14:59:39
37.61299999999999,136.128,qboc2026178.zip,https://www1.kaiho.mlit.go.jp/KANKYO/KAIYO/qboc/2026/shape/qboc2026178.zip,qboc2026178/ts/qboc2026178ts.kml,2026-09-28 14:59:39
37.66668513979012,136.2506919205461,qboc2026178.zip,https://www1.kaiho.mlit.go.jp/KANKYO/KAIYO/qboc/2026/shape/qboc2026178.zip,qboc2026178/ts/qboc2026178ts.kml,2026-09-28 14:59:39
37.745,136.359,qboc2026178.zip,https://www1.kaiho.mlit.go.jp/KANKYO/KAIYO/qboc/2026/shape/qboc2026178.zip,qboc2026178/ts/qboc2026178ts.kml,2026-09-28 14:59:39
38.02607943509427,136.4014212556978,qboc2026178.zip,https://www1.kaiho.mlit.go.jp/KANKYO/KAIYO/qboc/2026/shape/qboc2026178.zip,qboc2026178/ts/qboc2026178ts.kml,2026-09-28 14:59:39
37.87942999563468,136.4090842358296,qboc2026178.zip,https://www1.kaiho.mlit.go.jp/KANKYO/KAIYO/qboc/2026/shape/qboc2026178.zip,qboc2026178/ts/qboc2026178ts.kml,2026-09-28 14:59:39
38.172,136.41,qboc2026178.zip,https://www1.kaiho.mlit.go.jp/KANKYO/KAIYO/qboc/2026/shape/qboc2026178.zip,qboc2026178/ts/qboc2026178ts.kml,2026-09-28 14:59:39
38.2986378955009,136.4578545448958,qboc2026178.zip,https://www1.kaiho.mlit.go.jp/KANKYO/KAIYO/qboc/2026/shape/qboc2026178.zip,qboc2026178/ts/qboc2026178ts.kml,2026-09-28 14:59:39
38.42022855776817,136.5175942123494,qboc2026178.zip,https://www1.kaiho.mlit.go.jp/KANKYO/KAIYO/qboc/2026/shape/qboc2026178.zip,qboc2026178/ts/qboc2026178ts.kml,2026-09-28 14:59:39
38.54099999999999,136.579,qboc2026178.zip,https://www1.kaiho.mlit.go.jp/KANKYO/KAIYO/qboc/2026/shape/qboc2026178.zip,qboc2026178/ts/qboc2026178ts.kml,2026-09-28 14:59:39
38.65699937047771,136.6383538731455,qboc2026178.zip,https://www1.kaiho.mlit.go.jp/KANKYO/KAIYO/qboc/2026/shape/qboc2026178.zip,qboc2026178/ts/qboc2026178ts.kml,2026-09-28 14:59:39
38.77216945387071,136.6993148510784,qboc2026178.zip,https://www1.kaiho.mlit.go.jp/KANKYO/KAIYO/qboc/2026/shape/qboc2026178.zip,qboc2026178/ts/qboc2026178ts.kml,2026-09-28 14:59:39
38.889,136.757,qboc2026178.zip,https://www1.kaiho.mlit.go.jp/KANKYO/KAIYO/qboc/2026/shape/qboc2026178.zip,qboc2026178/ts/qboc2026178ts.kml,2026-09-28 14:59:39
39.03502335157816,136.8052094249171,qboc2026178.zip,https://www1.kaiho.mlit.go.jp/KANKYO/KAIYO/qboc/2026/shape/qboc2026178.zip,qboc2026178/ts/qboc2026178ts.kml,2026-09-28 14:59:39
39.18526503232126,136.8390634680997,qboc2026178.zip,https://www1.kaiho.mlit.go.jp/KANKYO/KAIYO/qboc/2026/shape/qboc2026178.zip,qboc2026178/ts/qboc2026178ts.kml,2026-09-28 14:59:39
39.33191270276576,136.8853955289323,qboc2026178.zip,https://www1.kaiho.mlit.go.jp/KANKYO/KAIYO/qboc/2026/shape/qboc2026178.zip,qboc2026178/ts/qboc2026178ts.kml,2026-09-28 14:59:39
39.458,136.972,qboc2026178.zip,https://www1.kaiho.mlit.go.jp/KANKYO/KAIYO/qboc/2026/shape/qboc2026178.zip,qboc2026178/ts/qboc2026178ts.kml,2026-09-28 14:59:39
39.53557262903696,137.1100921094057,qboc2026178.zip,https://www1.kaiho.mlit.go.jp/KANKYO/KAIYO/qboc/2026/shape/qboc2026178.zip,qboc2026178/ts/qboc2026178ts.kml,2026-09-28 14:59:39
39.58401774794824,137.261892899276,qboc2026178.zip,https://www1.kaiho.mlit.go.jp/KANKYO/KAIYO/qboc/2026/shape/qboc2026178.zip,qboc2026178/ts/qboc2026178ts.kml,2026-09-28 14:59:39
39.63373816335545,137.4132571748491,qboc2026178.zip,https://www1.kaiho.mlit.go.jp/KANKYO/KAIYO/qboc/2026/shape/qboc2026178.zip,qboc2026178/ts/qboc2026178ts.kml,2026-09-28 14:59:39
39.719,137.546,qboc2026178.zip,https://www1.kaiho.mlit.go.jp/KANKYO/KAIYO/qboc/2026/shape/qboc2026178.zip,qboc2026178/ts/qboc2026178ts.kml,2026-09-28 14:59:39
39.86334907098603,137.60540297711,qboc2026178.zip,https://www1.kaiho.mlit.go.jp/KANKYO/KAIYO/qboc/2026/shape/qboc2026178.zip,qboc2026178/ts/qboc2026178ts.kml,2026-09-28 14:59:39
