forecast_base_date,target_date,date,offset_days,forecast_label,Jday,NetID,Latitude,Longitude,depth_m,SST,SST_source,net_name,net_label,n_presence,kuroshio_dist_km,upwelling_proxy,retention_proxy,uo_forecast,vo_forecast,current_speed_forecast,wo_forecast,kuroshio_source,kuroshio_core_speed_threshold,forecast_ocean_mode,ocean_forecast_source,Latitude_final,Longitude_final,GEBCO_old_m,depth_JEGG500_IDW_m,JEGG_quality,SST_climatology,SST_anomaly,core_risk,core_percentile,core_risk_class,relative_risk_percentile,relative_risk_class,model_main,note
2026-09-28,2026-09-28,2026-09-28,0,Today,271,6,32.797259,132.991236,26.3,27.930768966674805,copernicus_forecast_thetao_surface,以布利,以布利（NetID 6）,88,28.903557957816137,-0.2758326937189084,0.1430234717549655,-0.02689702436327934,-0.08627244085073471,0.09036804728410568,-1.40536212711595e-6,copernicus_forecast_surface_current_core_proxy,0.7062653958797456,real_ocean_forecast,Copernicus Marine GLOBAL_ANALYSISFORECAST_PHY_001_024,32.797259,132.991236,25,26.3,A,26.63571439470564,1.295054571969164,0.2207240795615855,0.8515151515151516,High,0.8515151515151516,High,GAM: cyclic Jday + SST anomaly + J-EGG500 IDW depth,Relative percentile against the fixed training reference; not an absolute occurrence probability.
2026-09-28,2026-09-28,2026-09-28,0,Today,271,16,33.302961,134.204049,83.4,27.763835906982425,copernicus_forecast_thetao_surface,三津,三津（NetID 16）,28,19.346122407896186,-0.1154696236236119,0.0301841073391395,0.1565711796283722,0.00424318807199597,0.1566286657519444,9.540960910214837e-9,copernicus_forecast_surface_current_core_proxy,0.7062653958797456,real_ocean_forecast,Copernicus Marine GLOBAL_ANALYSISFORECAST_PHY_001_024,33.302961,134.204049,60,83.4,A,26.63571439470564,1.1281215122767847,0.0900304452474401,0.7248484848484849,Moderate,0.7248484848484849,Moderate,GAM: cyclic Jday + SST anomaly + J-EGG500 IDW depth,Relative percentile against the fixed training reference; not an absolute occurrence probability.
2026-09-28,2026-09-28,2026-09-28,0,Today,271,17,33.428671,134.243505,50.7,27.53162384033203,copernicus_forecast_thetao_surface,佐喜浜,佐喜浜（NetID 17）,53,30.305921592776716,-0.1654048238291564,-0.0688177441129628,0.03408009186387062,-0.05753979459404945,0.06687511213729112,2.883993602154078e-6,copernicus_forecast_surface_current_core_proxy,0.7062653958797456,real_ocean_forecast,Copernicus Marine GLOBAL_ANALYSISFORECAST_PHY_001_024,33.428671,134.243505,45,50.7,A,26.63571439470564,0.8959094456263905,0.06239003327393559,0.6751515151515152,Moderate,0.6751515151515152,Moderate,GAM: cyclic Jday + SST anomaly + J-EGG500 IDW depth,Relative percentile against the fixed training reference; not an absolute occurrence probability.
2026-09-28,2026-09-28,2026-09-28,0,Today,271,19,33.456354,134.256776,49.8,27.53162384033203,copernicus_forecast_thetao_surface,東洋,東洋（NetID 19）,4,32.98769378482726,-0.1720138993506987,-0.1059877880352205,0.03408009186387062,-0.05753979459404945,0.06687511213729112,2.883993602154078e-6,copernicus_forecast_surface_current_core_proxy,0.7062653958797456,real_ocean_forecast,Copernicus Marine GLOBAL_ANALYSISFORECAST_PHY_001_024,33.456354,134.256776,40,49.8,A,26.63571439470564,0.8959094456263905,0.06134840086434744,0.6727272727272727,Moderate,0.6727272727272727,Moderate,GAM: cyclic Jday + SST anomaly + J-EGG500 IDW depth,Relative percentile against the fixed training reference; not an absolute occurrence probability.
2026-09-28,2026-09-28,2026-09-28,0,Today,271,18,33.455525,134.256103,49.3,27.53162384033203,copernicus_forecast_thetao_surface,野根,野根（NetID 18）,12,32.91127862781786,-0.0679850779252412,-0.0460969650676847,0.03408009186387062,-0.05753979459404945,0.06687511213729112,2.883993602154078e-6,copernicus_forecast_surface_current_core_proxy,0.7062653958797456,real_ocean_forecast,Copernicus Marine GLOBAL_ANALYSISFORECAST_PHY_001_024,33.455525,134.256103,44,49.3,A,26.63571439470564,0.8959094456263905,0.059512342573715786,0.6678787878787878,Moderate,0.6678787878787878,Moderate,GAM: cyclic Jday + SST anomaly + J-EGG500 IDW depth,Relative percentile against the fixed training reference; not an absolute occurrence probability.
2026-09-28,2026-09-28,2026-09-28,0,Today,271,14,33.311308,134.201197,35.8,27.763835906982425,copernicus_forecast_thetao_surface,椎名,椎名（NetID 14）,32,20.241069737546592,-0.106445801931766,0.1129684658183157,0.1565711796283722,0.00424318807199597,0.1566286657519444,9.540960910214837e-9,copernicus_forecast_surface_current_core_proxy,0.7062653958797456,real_ocean_forecast,Copernicus Marine GLOBAL_ANALYSISFORECAST_PHY_001_024,33.311308,134.201197,30,35.8,A,26.63571439470564,1.1281215122767847,0.056398136439716966,0.6612121212121213,Moderate,0.6612121212121213,Moderate,GAM: cyclic Jday + SST anomaly + J-EGG500 IDW depth,Relative percentile against the fixed training reference; not an absolute occurrence probability.
2026-09-28,2026-09-28,2026-09-28,0,Today,271,11,32.77052,133.019357,47.4,27.875165939331055,copernicus_forecast_thetao_surface,窪津,窪津（NetID 11）,15,24.9673933287982,0.0029461036569393,0.4641244043199263,-0.03500730544328689,-0.11002467572689056,0.11545969298074114,-1.167143909697188e-5,copernicus_forecast_surface_current_core_proxy,0.7062653958797456,real_ocean_forecast,Copernicus Marine GLOBAL_ANALYSISFORECAST_PHY_001_024,32.77052,133.019357,28,47.4,B,26.63571439470564,1.239451544625414,0.04772286436633282,0.6409090909090909,Moderate,0.6409090909090909,Moderate,GAM: cyclic Jday + SST anomaly + J-EGG500 IDW depth,Relative percentile against the fixed training reference; not an absolute occurrence probability.
2026-09-28,2026-09-28,2026-09-28,0,Today,271,3,32.812774,132.642032,54.7,27.11397933959961,copernicus_forecast_thetao_surface,橘浦,橘浦（NetID 3）,1,39.11961610560914,0.1089873816471426,-0.4755106492947405,-0.07009097188711166,-3.0216813320294e-4,0.07009162322032927,-4.984541646990692e-6,copernicus_forecast_surface_current_core_proxy,0.7062653958797456,real_ocean_forecast,Copernicus Marine GLOBAL_ANALYSISFORECAST_PHY_001_024,32.812774,132.642032,44,54.7,A,26.63571439470564,0.47826494489396865,0.04532345544303392,0.6333333333333333,Moderate,0.6333333333333333,Moderate,GAM: cyclic Jday + SST anomaly + J-EGG500 IDW depth,Relative percentile against the fixed training reference; not an absolute occurrence probability.
2026-09-28,2026-09-28,2026-09-28,0,Today,271,15,33.269809,134.202371,56.9,28.00496482849121,copernicus_forecast_thetao_surface,高岡,高岡（NetID 15）,32,16.732155036338497,0.1101938565367832,-0.0102285368926923,0.3352540135383606,0.04693208262324333,0.33852307745991883,5.213169629314507e-7,copernicus_forecast_surface_current_core_proxy,0.7062653958797456,real_ocean_forecast,Copernicus Marine GLOBAL_ANALYSISFORECAST_PHY_001_024,33.269809,134.202371,47,56.9,A,26.63571439470564,1.3692504337855702,0.04501265849232102,0.6318181818181818,Moderate,0.6318181818181818,Moderate,GAM: cyclic Jday + SST anomaly + J-EGG500 IDW depth,Relative percentile against the fixed training reference; not an absolute occurrence probability.
2026-09-28,2026-09-28,2026-09-28,0,Today,271,20,33.593837,134.379416,36.1,27.482341766357425,copernicus_forecast_thetao_surface,鞆浦,鞆浦（NetID 20）,1,42.66089936043934,-0.066178577764199,-0.0906268144709379,-0.00340894469991326,-0.05172953754663467,0.05184173954214647,-2.397059688519221e-6,copernicus_forecast_surface_current_core_proxy,0.7062653958797456,real_ocean_forecast,Copernicus Marine GLOBAL_ANALYSISFORECAST_PHY_001_024,33.593837,134.379416,33,36.1,A,26.63571439470564,0.8466273716517847,0.04483501600825385,0.6312121212121212,Moderate,0.6312121212121212,Moderate,GAM: cyclic Jday + SST anomaly + J-EGG500 IDW depth,Relative percentile against the fixed training reference; not an absolute occurrence probability.
2026-09-28,2026-09-28,2026-09-28,0,Today,271,2,32.802579,132.633563,56,27.11397933959961,copernicus_forecast_thetao_surface,安満地,安満地（NetID 2）,4,38.49473674243188,0.0950000117451871,-0.4804710318799452,-0.07009097188711166,-3.0216813320294e-4,0.07009162322032927,-4.984541646990692e-6,copernicus_forecast_surface_current_core_proxy,0.7062653958797456,real_ocean_forecast,Copernicus Marine GLOBAL_ANALYSISFORECAST_PHY_001_024,32.802579,132.633563,41,56,C,26.63571439470564,0.47826494489396865,0.04094893463690987,0.6166666666666667,Moderate,0.6166666666666667,Moderate,GAM: cyclic Jday + SST anomaly + J-EGG500 IDW depth,Relative percentile against the fixed training reference; not an absolute occurrence probability.
2026-09-28,2026-09-28,2026-09-28,0,Today,271,10,33.35765,133.337593,6.1,27.57497215270996,copernicus_forecast_thetao_surface,双子,双子（NetID 10）,9,69.82065240281744,-0.054814746444576,-0.0593006529514342,0.00243470002897083,-0.03721176087856293,0.03729132488816154,-6.005446266499348e-6,copernicus_forecast_surface_current_core_proxy,0.7062653958797456,real_ocean_forecast,Copernicus Marine GLOBAL_ANALYSISFORECAST_PHY_001_024,33.35765,133.337593,19,6.1,A,26.63571439470564,0.9392577580043202,0.027816675807166524,0.5493939393939394,Moderate,0.5493939393939394,Moderate,GAM: cyclic Jday + SST anomaly + J-EGG500 IDW depth,Relative percentile against the fixed training reference; not an absolute occurrence probability.
2026-09-28,2026-09-28,2026-09-28,0,Today,271,12,33.400017,134.011099,23.7,27.947206497192383,copernicus_forecast_thetao_surface,奈半利,奈半利（NetID 12）,1,39.629526964040224,0.0333297284464152,0.0103727470112074,0.05706444382667541,-0.07497244328260422,0.09421898959875924,-1.0973109056067187e-5,copernicus_forecast_surface_current_core_proxy,0.7062653958797456,real_ocean_forecast,Copernicus Marine GLOBAL_ANALYSISFORECAST_PHY_001_024,33.400017,134.011099,26,23.7,A,26.63571439470564,1.311492102486742,0.016762096379553174,0.4627272727272727,Low,0.4627272727272727,Low,GAM: cyclic Jday + SST anomaly + J-EGG500 IDW depth,Relative percentile against the fixed training reference; not an absolute occurrence probability.
2026-09-28,2026-09-28,2026-09-28,0,Today,271,8,32.734923,133.029438,42.8,27.875165939331055,copernicus_forecast_thetao_surface,伊佐,伊佐（NetID 8）,5,21.194347351656855,-0.1301938426394092,0.7840162562874162,-0.03500730544328689,-0.11002467572689056,0.11545969298074114,-1.167143909697188e-5,copernicus_forecast_surface_current_core_proxy,0.7062653958797456,real_ocean_forecast,Copernicus Marine GLOBAL_ANALYSISFORECAST_PHY_001_024,32.734923,133.029438,49,42.8,A,26.63571439470564,1.239451544625414,0.011869234228302857,0.40606060606060607,Low,0.40606060606060607,Low,GAM: cyclic Jday + SST anomaly + J-EGG500 IDW depth,Relative percentile against the fixed training reference; not an absolute occurrence probability.
2026-09-28,2026-09-28,2026-09-28,0,Today,271,5,32.756666,132.822107,42.9,27.11553955078125,copernicus_forecast_thetao_surface,貝の川,貝の川（NetID 5）,3,28.559388193569216,0.3721852378090191,-0.1557156258345112,-0.00456474721431732,-0.03974494710564613,0.04000622123571816,-1.2149826034146828e-5,copernicus_forecast_surface_current_core_proxy,0.7062653958797456,real_ocean_forecast,Copernicus Marine GLOBAL_ANALYSISFORECAST_PHY_001_024,32.756666,132.822107,18,42.9,B,26.63571439470564,0.47982515607560927,0.010655363581598772,0.3875757575757576,Low,0.3875757575757576,Low,GAM: cyclic Jday + SST anomaly + J-EGG500 IDW depth,Relative percentile against the fixed training reference; not an absolute occurrence probability.
2026-09-28,2026-09-28,2026-09-28,0,Today,271,9,33.159542,133.224963,42,27.798742294311523,copernicus_forecast_thetao_surface,窪川,窪川（NetID 9）,1,56.49700543205751,-0.0461272787575611,-0.1373299046409654,0.00401961896568536,-0.07460249215364456,0.07471070319682378,1.991744738916168e-6,copernicus_forecast_surface_current_core_proxy,0.7062653958797456,real_ocean_forecast,Copernicus Marine GLOBAL_ANALYSISFORECAST_PHY_001_024,33.159542,133.224963,34,42,A,26.63571439470564,1.1630278996058827,0.009611305055620158,0.37272727272727274,Low,0.37272727272727274,Low,GAM: cyclic Jday + SST anomaly + J-EGG500 IDW depth,Relative percentile against the fixed training reference; not an absolute occurrence probability.
2026-09-28,2026-09-28,2026-09-28,0,Today,271,1,32.793914,132.628975,40,27.24976921081543,copernicus_forecast_thetao_surface,一切,一切（NetID 1）,2,37.87118396352829,-0.1001292021929539,-0.6727468356368203,-0.05805391073226929,-0.02689279243350029,0.06398030037583148,-7.122947408788605e-6,copernicus_forecast_surface_current_core_proxy,0.7062653958797456,real_ocean_forecast,Copernicus Marine GLOBAL_ANALYSISFORECAST_PHY_001_024,32.793914,132.628975,30,40,A,26.63571439470564,0.614054816109789,0.007810079954419533,0.34515151515151515,Low,0.34515151515151515,Low,GAM: cyclic Jday + SST anomaly + J-EGG500 IDW depth,Relative percentile against the fixed training reference; not an absolute occurrence probability.
2026-09-28,2026-09-28,2026-09-28,0,Today,271,4,32.784353,132.703013,40.3,27.24976921081543,copernicus_forecast_thetao_surface,古満目,古満目（NetID 4）,5,33.89182503607091,0.4455729796553364,-0.2336771537877277,-0.05805391073226929,-0.02689279243350029,0.06398030037583148,-7.122947408788605e-6,copernicus_forecast_surface_current_core_proxy,0.7062653958797456,real_ocean_forecast,Copernicus Marine GLOBAL_ANALYSISFORECAST_PHY_001_024,32.784353,132.703013,45,40.3,B,26.63571439470564,0.614054816109789,0.007567536328275529,0.3424242424242424,Low,0.3424242424242424,Low,GAM: cyclic Jday + SST anomaly + J-EGG500 IDW depth,Relative percentile against the fixed training reference; not an absolute occurrence probability.
2026-09-28,2026-09-28,2026-09-28,0,Today,271,13,33.360612,134.043999,17.1,27.947206497192383,copernicus_forecast_thetao_surface,羽根,羽根（NetID 13）,2,34.47875575173576,0.0375763532391619,-0.036936808557192,0.05706444382667541,-0.07497244328260422,0.09421898959875924,-1.0973109056067187e-5,copernicus_forecast_surface_current_core_proxy,0.7062653958797456,real_ocean_forecast,Copernicus Marine GLOBAL_ANALYSISFORECAST_PHY_001_024,33.360612,134.043999,23,17.1,A,26.63571439470564,1.311492102486742,0.0053459556508362,0.2996969696969697,Low,0.2996969696969697,Low,GAM: cyclic Jday + SST anomaly + J-EGG500 IDW depth,Relative percentile against the fixed training reference; not an absolute occurrence probability.
2026-09-28,2026-09-28,2026-09-28,0,Today,271,7,32.795055,132.985821,21.9,27.930768966674805,copernicus_forecast_thetao_surface,尻貝の浜,尻貝の浜（NetID 7）,2,28.995187814430075,-0.1676966568462163,0.2805019754148821,-0.02689702436327934,-0.08627244085073471,0.09036804728410568,-1.40536212711595e-6,copernicus_forecast_surface_current_core_proxy,0.7062653958797456,real_ocean_forecast,Copernicus Marine GLOBAL_ANALYSISFORECAST_PHY_001_024,32.795055,132.985821,18,21.9,B,26.63571439470564,1.295054571969164,0.0037893317199217303,0.24363636363636362,Low,0.24363636363636362,Low,GAM: cyclic Jday + SST anomaly + J-EGG500 IDW depth,Relative percentile against the fixed training reference; not an absolute occurrence probability.
2026-09-28,2026-10-01,2026-10-01,3,3 days later,274,6,32.797259,132.991236,26.3,27.983015060424805,copernicus_forecast_thetao_surface,以布利,以布利（NetID 6）,88,33.063921339335934,-0.2758326937189084,0.1430234717549655,-2.0666369528044e-4,0.02971511892974376,0.02971583757681689,3.96190489482251e-6,copernicus_forecast_surface_current_core_proxy,0.6413168251514435,real_ocean_forecast,Copernicus Marine GLOBAL_ANALYSISFORECAST_PHY_001_024,32.797259,132.991236,25,26.3,A,26.243636564774945,1.7393784956498592,0.21877238833543913,0.850909090909091,High,0.850909090909091,High,GAM: cyclic Jday + SST anomaly + J-EGG500 IDW depth,Relative percentile against the fixed training reference; not an absolute occurrence probability.
2026-09-28,2026-10-01,2026-10-01,3,3 days later,274,16,33.302961,134.204049,83.4,27.87759780883789,copernicus_forecast_thetao_surface,三津,三津（NetID 16）,28,15.745787080796536,-0.1154696236236119,0.0301841073391395,0.09954967349767684,0.09771864116191864,0.1394957717066216,-3.2876184832275612e-6,copernicus_forecast_surface_current_core_proxy,0.6413168251514435,real_ocean_forecast,Copernicus Marine GLOBAL_ANALYSISFORECAST_PHY_001_024,33.302961,134.204049,60,83.4,A,26.243636564774945,1.6339612440629452,0.09001055751937916,0.7248484848484849,Moderate,0.7248484848484849,Moderate,GAM: cyclic Jday + SST anomaly + J-EGG500 IDW depth,Relative percentile against the fixed training reference; not an absolute occurrence probability.
2026-09-28,2026-10-01,2026-10-01,3,3 days later,274,17,33.428671,134.243505,50.7,27.6583309173584,copernicus_forecast_thetao_surface,佐喜浜,佐喜浜（NetID 17）,53,25.564234048884412,-0.1654048238291564,-0.0688177441129628,0.00606490857899189,0.01362453214824199,0.01491345004785978,-1.8498666349842097e-6,copernicus_forecast_surface_current_core_proxy,0.6413168251514435,real_ocean_forecast,Copernicus Marine GLOBAL_ANALYSISFORECAST_PHY_001_024,33.428671,134.243505,45,50.7,A,26.243636564774945,1.414694352583453,0.06251338681065916,0.6754545454545454,Moderate,0.6754545454545454,Moderate,GAM: cyclic Jday + SST anomaly + J-EGG500 IDW depth,Relative percentile against the fixed training reference; not an absolute occurrence probability.
2026-09-28,2026-10-01,2026-10-01,3,3 days later,274,19,33.456354,134.256776,49.8,27.6583309173584,copernicus_forecast_thetao_surface,東洋,東洋（NetID 19）,4,27.33313070822196,-0.1720138993506987,-0.1059877880352205,0.00606490857899189,0.01362453214824199,0.01491345004785978,-1.8498666349842097e-6,copernicus_forecast_surface_current_core_proxy,0.6413168251514435,real_ocean_forecast,Copernicus Marine GLOBAL_ANALYSISFORECAST_PHY_001_024,33.456354,134.256776,40,49.8,A,26.243636564774945,1.414694352583453,0.06146982997056032,0.6727272727272727,Moderate,0.6727272727272727,Moderate,GAM: cyclic Jday + SST anomaly + J-EGG500 IDW depth,Relative percentile against the fixed training reference; not an absolute occurrence probability.
2026-09-28,2026-10-01,2026-10-01,3,3 days later,274,18,33.455525,134.256103,49.3,27.6583309173584,copernicus_forecast_thetao_surface,野根,野根（NetID 18）,12,27.28994562611801,-0.0679850779252412,-0.0460969650676847,0.00606490857899189,0.01362453214824199,0.01491345004785978,-1.8498666349842097e-6,copernicus_forecast_surface_current_core_proxy,0.6413168251514435,real_ocean_forecast,Copernicus Marine GLOBAL_ANALYSISFORECAST_PHY_001_024,33.455525,134.256103,44,49.3,A,26.243636564774945,1.414694352583453,0.05963036837426206,0.6681818181818182,Moderate,0.6681818181818182,Moderate,GAM: cyclic Jday + SST anomaly + J-EGG500 IDW depth,Relative percentile against the fixed training reference; not an absolute occurrence probability.
2026-09-28,2026-10-01,2026-10-01,3,3 days later,274,14,33.311308,134.201197,35.8,27.87759780883789,copernicus_forecast_thetao_surface,椎名,椎名（NetID 14）,32,16.71102797126108,-0.106445801931766,0.1129684658183157,0.09954967349767684,0.09771864116191864,0.1394957717066216,-3.2876184832275612e-6,copernicus_forecast_surface_current_core_proxy,0.6413168251514435,real_ocean_forecast,Copernicus Marine GLOBAL_ANALYSISFORECAST_PHY_001_024,33.311308,134.201197,30,35.8,A,26.243636564774945,1.6339612440629452,0.05638521773681072,0.6612121212121213,Moderate,0.6612121212121213,Moderate,GAM: cyclic Jday + SST anomaly + J-EGG500 IDW depth,Relative percentile against the fixed training reference; not an absolute occurrence probability.
2026-09-28,2026-10-01,2026-10-01,3,3 days later,274,11,32.77052,133.019357,47.4,28.0105037689209,copernicus_forecast_thetao_surface,窪津,窪津（NetID 11）,15,29.98716156504673,0.0029461036569393,0.4641244043199263,0.01387330703437328,-0.03481220081448555,0.03747476449049493,4.764153345604427e-6,copernicus_forecast_surface_current_core_proxy,0.6413168251514435,real_ocean_forecast,Copernicus Marine GLOBAL_ANALYSISFORECAST_PHY_001_024,32.77052,133.019357,28,47.4,B,26.243636564774945,1.766867204145953,0.04788941652049086,0.6418181818181818,Moderate,0.6418181818181818,Moderate,GAM: cyclic Jday + SST anomaly + J-EGG500 IDW depth,Relative percentile against the fixed training reference; not an absolute occurrence probability.
2026-09-28,2026-10-01,2026-10-01,3,3 days later,274,3,32.812774,132.642032,54.7,27.488285064697266,copernicus_forecast_thetao_surface,橘浦,橘浦（NetID 3）,1,36.21793765723139,0.1089873816471426,-0.4755106492947405,-0.0724448412656784,-0.07044443488121033,0.10104787692842648,5.606425929727266e-6,copernicus_forecast_surface_current_core_proxy,0.6413168251514435,real_ocean_forecast,Copernicus Marine GLOBAL_ANALYSISFORECAST_PHY_001_024,32.812774,132.642032,44,54.7,A,26.243636564774945,1.2446484999223202,0.04739842000246661,0.6396969696969697,Moderate,0.6396969696969697,Moderate,GAM: cyclic Jday + SST anomaly + J-EGG500 IDW depth,Relative percentile against the fixed training reference; not an absolute occurrence probability.
2026-09-28,2026-10-01,2026-10-01,3,3 days later,274,15,33.269809,134.202371,56.9,28.10158920288086,copernicus_forecast_thetao_surface,高岡,高岡（NetID 15）,32,12.294470430363232,0.1101938565367832,-0.0102285368926923,0.23598191142082217,0.14704956114292145,0.2780486215577242,6.515596169265336e-7,copernicus_forecast_surface_current_core_proxy,0.6413168251514435,real_ocean_forecast,Copernicus Marine GLOBAL_ANALYSISFORECAST_PHY_001_024,33.269809,134.202371,47,56.9,A,26.243636564774945,1.857952638105914,0.044868733424277225,0.6315151515151515,Moderate,0.6315151515151515,Moderate,GAM: cyclic Jday + SST anomaly + J-EGG500 IDW depth,Relative percentile against the fixed training reference; not an absolute occurrence probability.
2026-09-28,2026-10-01,2026-10-01,3,3 days later,274,20,33.593837,134.379416,36.1,27.47872543334961,copernicus_forecast_thetao_surface,鞆浦,鞆浦（NetID 20）,1,38.389136340764544,-0.066178577764199,-0.0906268144709379,0.04145209863781929,0.02285250835120678,0.04733406404928141,-7.546510119027516e-7,copernicus_forecast_surface_current_core_proxy,0.6413168251514435,real_ocean_forecast,Copernicus Marine GLOBAL_ANALYSISFORECAST_PHY_001_024,33.593837,134.379416,33,36.1,A,26.243636564774945,1.235088868574664,0.04392385754057627,0.6278787878787879,Moderate,0.6278787878787879,Moderate,GAM: cyclic Jday + SST anomaly + J-EGG500 IDW depth,Relative percentile against the fixed training reference; not an absolute occurrence probability.
2026-09-28,2026-10-01,2026-10-01,3,3 days later,274,2,32.802579,132.633563,56,27.488285064697266,copernicus_forecast_thetao_surface,安満地,安満地（NetID 2）,4,35.3672279832068,0.0950000117451871,-0.4804710318799452,-0.0724448412656784,-0.07044443488121033,0.10104787692842648,5.606425929727266e-6,copernicus_forecast_surface_current_core_proxy,0.6413168251514435,real_ocean_forecast,Copernicus Marine GLOBAL_ANALYSISFORECAST_PHY_001_024,32.802579,132.633563,41,56,C,26.243636564774945,1.2446484999223202,0.0428326135352265,0.6242424242424243,Moderate,0.6242424242424243,Moderate,GAM: cyclic Jday + SST anomaly + J-EGG500 IDW depth,Relative percentile against the fixed training reference; not an absolute occurrence probability.
2026-09-28,2026-10-01,2026-10-01,3,3 days later,274,10,33.35765,133.337593,6.1,27.92399024963379,copernicus_forecast_thetao_surface,双子,双子（NetID 10）,9,69.82065240281744,-0.054814746444576,-0.0593006529514342,0.03365024551749229,0.02262079901993274,0.04054675784434189,6.103095415710413e-7,copernicus_forecast_surface_current_core_proxy,0.6413168251514435,real_ocean_forecast,Copernicus Marine GLOBAL_ANALYSISFORECAST_PHY_001_024,33.35765,133.337593,19,6.1,A,26.243636564774945,1.6803536848588436,0.028985079318033728,0.556969696969697,Moderate,0.556969696969697,Moderate,GAM: cyclic Jday + SST anomaly + J-EGG500 IDW depth,Relative percentile against the fixed training reference; not an absolute occurrence probability.
2026-09-28,2026-10-01,2026-10-01,3,3 days later,274,12,33.400017,134.011099,23.7,28.17051887512207,copernicus_forecast_thetao_surface,奈半利,奈半利（NetID 12）,1,34.15251066756324,0.0333297284464152,0.0103727470112074,-0.05452652275562286,-0.02929995581507682,0.06190015423716578,4.808082962881599e-7,copernicus_forecast_surface_current_core_proxy,0.6413168251514435,real_ocean_forecast,Copernicus Marine GLOBAL_ANALYSISFORECAST_PHY_001_024,33.400017,134.011099,26,23.7,A,26.243636564774945,1.9268823103471249,0.017087841653720036,0.4672727272727273,Low,0.4672727272727273,Low,GAM: cyclic Jday + SST anomaly + J-EGG500 IDW depth,Relative percentile against the fixed training reference; not an absolute occurrence probability.
2026-09-28,2026-10-01,2026-10-01,3,3 days later,274,8,32.734923,133.029438,42.8,28.0105037689209,copernicus_forecast_thetao_surface,伊佐,伊佐（NetID 8）,5,26.26738008751526,-0.1301938426394092,0.7840162562874162,0.01387330703437328,-0.03481220081448555,0.03747476449049493,4.764153345604427e-6,copernicus_forecast_surface_current_core_proxy,0.6413168251514435,real_ocean_forecast,Copernicus Marine GLOBAL_ANALYSISFORECAST_PHY_001_024,32.734923,133.029438,49,42.8,A,26.243636564774945,1.766867204145953,0.011912222955444609,0.406969696969697,Low,0.406969696969697,Low,GAM: cyclic Jday + SST anomaly + J-EGG500 IDW depth,Relative percentile against the fixed training reference; not an absolute occurrence probability.
2026-09-28,2026-10-01,2026-10-01,3,3 days later,274,5,32.756666,132.822107,42.9,27.83890724182129,copernicus_forecast_thetao_surface,貝の川,貝の川（NetID 5）,3,28.559388193569216,0.3721852378090191,-0.1557156258345112,0.04482684656977653,-0.07890293002128601,0.09074755390275951,1.1305857697152533e-5,copernicus_forecast_surface_current_core_proxy,0.6413168251514435,real_ocean_forecast,Copernicus Marine GLOBAL_ANALYSISFORECAST_PHY_001_024,32.756666,132.822107,18,42.9,B,26.243636564774945,1.5952706770463436,0.011881158022381148,0.4066666666666667,Low,0.4066666666666667,Low,GAM: cyclic Jday + SST anomaly + J-EGG500 IDW depth,Relative percentile against the fixed training reference; not an absolute occurrence probability.
2026-09-28,2026-10-01,2026-10-01,3,3 days later,274,9,33.159542,133.224963,42,28.148080825805664,copernicus_forecast_thetao_surface,窪川,窪川（NetID 9）,1,60.5203252515846,-0.0461272787575611,-0.1373299046409654,-0.03519969806075096,0.05347767472267151,0.06402249946161033,1.0706677358029992e-6,copernicus_forecast_surface_current_core_proxy,0.6413168251514435,real_ocean_forecast,Copernicus Marine GLOBAL_ANALYSISFORECAST_PHY_001_024,33.159542,133.224963,34,42,A,26.243636564774945,1.9044442610307186,0.010023366765385787,0.37787878787878787,Low,0.37787878787878787,Low,GAM: cyclic Jday + SST anomaly + J-EGG500 IDW depth,Relative percentile against the fixed training reference; not an absolute occurrence probability.
2026-09-28,2026-10-01,2026-10-01,3,3 days later,274,1,32.793914,132.628975,40,27.665573120117188,copernicus_forecast_thetao_surface,一切,一切（NetID 1）,2,34.59040706314313,-0.1001292021929539,-0.6727468356368203,-0.01809396035969257,-0.05668200924992561,0.05949992919413248,9.63201637205202e-6,copernicus_forecast_surface_current_core_proxy,0.6413168251514435,real_ocean_forecast,Copernicus Marine GLOBAL_ANALYSISFORECAST_PHY_001_024,32.793914,132.628975,30,40,A,26.243636564774945,1.421936555342242,0.008243522519234252,0.3518181818181818,Low,0.3518181818181818,Low,GAM: cyclic Jday + SST anomaly + J-EGG500 IDW depth,Relative percentile against the fixed training reference; not an absolute occurrence probability.
2026-09-28,2026-10-01,2026-10-01,3,3 days later,274,4,32.784353,132.703013,40.3,27.665573120117188,copernicus_forecast_thetao_surface,古満目,古満目（NetID 4）,5,31.92326576934344,0.4455729796553364,-0.2336771537877277,-0.01809396035969257,-0.05668200924992561,0.05949992919413248,9.63201637205202e-6,copernicus_forecast_surface_current_core_proxy,0.6413168251514435,real_ocean_forecast,Copernicus Marine GLOBAL_ANALYSISFORECAST_PHY_001_024,32.784353,132.703013,45,40.3,B,26.243636564774945,1.421936555342242,0.007987626610786348,0.3475757575757576,Low,0.3475757575757576,Low,GAM: cyclic Jday + SST anomaly + J-EGG500 IDW depth,Relative percentile against the fixed training reference; not an absolute occurrence probability.
2026-09-28,2026-10-01,2026-10-01,3,3 days later,274,13,33.360612,134.043999,17.1,28.17051887512207,copernicus_forecast_thetao_surface,羽根,羽根（NetID 13）,2,28.842731501662247,0.0375763532391619,-0.036936808557192,-0.05452652275562286,-0.02929995581507682,0.06190015423716578,4.808082962881599e-7,copernicus_forecast_surface_current_core_proxy,0.6413168251514435,real_ocean_forecast,Copernicus Marine GLOBAL_ANALYSISFORECAST_PHY_001_024,33.360612,134.043999,23,17.1,A,26.243636564774945,1.9268823103471249,0.0054510759496220924,0.3015151515151515,Low,0.3015151515151515,Low,GAM: cyclic Jday + SST anomaly + J-EGG500 IDW depth,Relative percentile against the fixed training reference; not an absolute occurrence probability.
2026-09-28,2026-10-01,2026-10-01,3,3 days later,274,7,32.795055,132.985821,21.9,27.983015060424805,copernicus_forecast_thetao_surface,尻貝の浜,尻貝の浜（NetID 7）,2,32.83551126129562,-0.1676966568462163,0.2805019754148821,-2.0666369528044e-4,0.02971511892974376,0.02971583757681689,3.96190489482251e-6,copernicus_forecast_surface_current_core_proxy,0.6413168251514435,real_ocean_forecast,Copernicus Marine GLOBAL_ANALYSISFORECAST_PHY_001_024,32.795055,132.985821,18,21.9,B,26.243636564774945,1.7393784956498592,0.003746603357258096,0.24212121212121213,Low,0.24212121212121213,Low,GAM: cyclic Jday + SST anomaly + J-EGG500 IDW depth,Relative percentile against the fixed training reference; not an absolute occurrence probability.
2026-09-28,2026-10-05,2026-10-05,7,7 days later,278,6,32.797259,132.991236,26.3,27.64223289489746,copernicus_forecast_thetao_surface,以布利,以布利（NetID 6）,88,24.78914070137845,-0.2758326937189084,0.1430234717549655,-0.12348534166812895,-0.10198386013507844,0.16015410495814894,-1.4490256035060156e-5,copernicus_forecast_surface_current_core_proxy,0.7141179740428926,real_ocean_forecast,Copernicus Marine GLOBAL_ANALYSISFORECAST_PHY_001_024,32.797259,132.991236,25,26.3,A,26.104999542236328,1.5372333526611328,0.19290847816867665,0.8342424242424242,High,0.8342424242424242,High,GAM: cyclic Jday + SST anomaly + J-EGG500 IDW depth,Relative percentile against the fixed training reference; not an absolute occurrence probability.
2026-09-28,2026-10-05,2026-10-05,7,7 days later,278,16,33.302961,134.204049,83.4,27.31910514831543,copernicus_forecast_thetao_surface,三津,三津（NetID 16）,28,24.79272213737876,-0.1154696236236119,0.0301841073391395,0.00883083045482635,0.10999926179647446,0.11035316561971031,-9.055818736669607e-6,copernicus_forecast_surface_current_core_proxy,0.7141179740428926,real_ocean_forecast,Copernicus Marine GLOBAL_ANALYSISFORECAST_PHY_001_024,33.302961,134.204049,60,83.4,A,26.104999542236328,1.2141056060791016,0.07506928400717243,0.7012121212121212,Moderate,0.7012121212121212,Moderate,GAM: cyclic Jday + SST anomaly + J-EGG500 IDW depth,Relative percentile against the fixed training reference; not an absolute occurrence probability.
2026-09-28,2026-10-05,2026-10-05,7,7 days later,278,17,33.428671,134.243505,50.7,27.215272903442383,copernicus_forecast_thetao_surface,佐喜浜,佐喜浜（NetID 17）,53,31.023370192104768,-0.1654048238291564,-0.0688177441129628,0.02021475695073604,0.02949521504342556,0.03575757414919598,-9.663414857641328e-6,copernicus_forecast_surface_current_core_proxy,0.7141179740428926,real_ocean_forecast,Copernicus Marine GLOBAL_ANALYSISFORECAST_PHY_001_024,33.428671,134.243505,45,50.7,A,26.104999542236328,1.1102733612060547,0.052913645543237665,0.6530303030303031,Moderate,0.6530303030303031,Moderate,GAM: cyclic Jday + SST anomaly + J-EGG500 IDW depth,Relative percentile against the fixed training reference; not an absolute occurrence probability.
2026-09-28,2026-10-05,2026-10-05,7,7 days later,278,19,33.456354,134.256776,49.8,27.215272903442383,copernicus_forecast_thetao_surface,東洋,東洋（NetID 19）,4,32.20007164050496,-0.1720138993506987,-0.1059877880352205,0.02021475695073604,0.02949521504342556,0.03575757414919598,-9.663414857641328e-6,copernicus_forecast_surface_current_core_proxy,0.7141179740428926,real_ocean_forecast,Copernicus Marine GLOBAL_ANALYSISFORECAST_PHY_001_024,33.456354,134.256776,40,49.8,A,26.104999542236328,1.1102733612060547,0.0520214479695354,0.6524242424242425,Moderate,0.6524242424242425,Moderate,GAM: cyclic Jday + SST anomaly + J-EGG500 IDW depth,Relative percentile against the fixed training reference; not an absolute occurrence probability.
2026-09-28,2026-10-05,2026-10-05,7,7 days later,278,18,33.455525,134.256103,49.3,27.215272903442383,copernicus_forecast_thetao_surface,野根,野根（NetID 18）,12,32.1785004810003,-0.0679850779252412,-0.0460969650676847,0.02021475695073604,0.02949521504342556,0.03575757414919598,-9.663414857641328e-6,copernicus_forecast_surface_current_core_proxy,0.7141179740428926,real_ocean_forecast,Copernicus Marine GLOBAL_ANALYSISFORECAST_PHY_001_024,33.455525,134.256103,44,49.3,A,26.104999542236328,1.1102733612060547,0.050449527358983656,0.6484848484848484,Moderate,0.6484848484848484,Moderate,GAM: cyclic Jday + SST anomaly + J-EGG500 IDW depth,Relative percentile against the fixed training reference; not an absolute occurrence probability.
2026-09-28,2026-10-05,2026-10-05,7,7 days later,278,14,33.311308,134.201197,35.8,27.31910514831543,copernicus_forecast_thetao_surface,椎名,椎名（NetID 14）,32,25.696385031418068,-0.106445801931766,0.1129684658183157,0.00883083045482635,0.10999926179647446,0.11035316561971031,-9.055818736669607e-6,copernicus_forecast_surface_current_core_proxy,0.7141179740428926,real_ocean_forecast,Copernicus Marine GLOBAL_ANALYSISFORECAST_PHY_001_024,33.311308,134.201197,30,35.8,A,26.104999542236328,1.2141056060791016,0.04673888806215117,0.6372727272727273,Moderate,0.6372727272727273,Moderate,GAM: cyclic Jday + SST anomaly + J-EGG500 IDW depth,Relative percentile against the fixed training reference; not an absolute occurrence probability.
2026-09-28,2026-10-05,2026-10-05,7,7 days later,278,11,32.77052,133.019357,47.4,27.64496421813965,copernicus_forecast_thetao_surface,窪津,窪津（NetID 11）,15,22.925161970008315,0.0029461036569393,0.4641244043199263,-0.1874036192893982,-0.11812129616737366,0.22152371685899933,6.132572707429063e-7,copernicus_forecast_surface_current_core_proxy,0.7141179740428926,real_ocean_forecast,Copernicus Marine GLOBAL_ANALYSISFORECAST_PHY_001_024,32.77052,133.019357,28,47.4,B,26.104999542236328,1.5399646759033203,0.04098681995576859,0.6166666666666667,Moderate,0.6166666666666667,Moderate,GAM: cyclic Jday + SST anomaly + J-EGG500 IDW depth,Relative percentile against the fixed training reference; not an absolute occurrence probability.
2026-09-28,2026-10-05,2026-10-05,7,7 days later,278,3,32.812774,132.642032,54.7,26.90306282043457,copernicus_forecast_thetao_surface,橘浦,橘浦（NetID 3）,1,31.166555134761666,0.1089873816471426,-0.4755106492947405,-0.06996177136898041,0.11485237628221512,0.13448315058310098,3.657189608929912e-7,copernicus_forecast_surface_current_core_proxy,0.7141179740428926,real_ocean_forecast,Copernicus Marine GLOBAL_ANALYSISFORECAST_PHY_001_024,32.812774,132.642032,44,54.7,A,26.104999542236328,0.7980632781982422,0.039043346361077896,0.6078787878787879,Moderate,0.6078787878787879,Moderate,GAM: cyclic Jday + SST anomaly + J-EGG500 IDW depth,Relative percentile against the fixed training reference; not an absolute occurrence probability.
2026-09-28,2026-10-05,2026-10-05,7,7 days later,278,20,33.593837,134.379416,36.1,26.982421875,copernicus_forecast_thetao_surface,鞆浦,鞆浦（NetID 20）,1,39.359543986400624,-0.066178577764199,-0.0906268144709379,0.06857085973024368,-0.00775485532358288,0.06900797479447181,-1.2426492048689397e-6,copernicus_forecast_surface_current_core_proxy,0.7141179740428926,real_ocean_forecast,Copernicus Marine GLOBAL_ANALYSISFORECAST_PHY_001_024,33.593837,134.379416,33,36.1,A,26.104999542236328,0.8774223327636719,0.03672327781605955,0.5984848484848485,Moderate,0.5984848484848485,Moderate,GAM: cyclic Jday + SST anomaly + J-EGG500 IDW depth,Relative percentile against the fixed training reference; not an absolute occurrence probability.
2026-09-28,2026-10-05,2026-10-05,7,7 days later,278,15,33.269809,134.202371,56.9,27.36651611328125,copernicus_forecast_thetao_surface,高岡,高岡（NetID 15）,32,21.203427541172395,0.1101938565367832,-0.0102285368926923,-0.04628989100456238,0.13736559450626373,0.14495537438561407,1.2035768577334238e-6,copernicus_forecast_surface_current_core_proxy,0.7141179740428926,real_ocean_forecast,Copernicus Marine GLOBAL_ANALYSISFORECAST_PHY_001_024,33.269809,134.202371,47,56.9,A,26.104999542236328,1.2615165710449219,0.0359897160472574,0.5954545454545455,Moderate,0.5954545454545455,Moderate,GAM: cyclic Jday + SST anomaly + J-EGG500 IDW depth,Relative percentile against the fixed training reference; not an absolute occurrence probability.
2026-09-28,2026-10-05,2026-10-05,7,7 days later,278,2,32.802579,132.633563,56,26.90306282043457,copernicus_forecast_thetao_surface,安満地,安満地（NetID 2）,4,30.7219347499222,0.0950000117451871,-0.4804710318799452,-0.06996177136898041,0.11485237628221512,0.13448315058310098,3.657189608929912e-7,copernicus_forecast_surface_current_core_proxy,0.7141179740428926,real_ocean_forecast,Copernicus Marine GLOBAL_ANALYSISFORECAST_PHY_001_024,32.802579,132.633563,41,56,C,26.104999542236328,0.7980632781982422,0.03525258540957201,0.5924242424242424,Moderate,0.5924242424242424,Moderate,GAM: cyclic Jday + SST anomaly + J-EGG500 IDW depth,Relative percentile against the fixed training reference; not an absolute occurrence probability.
2026-09-28,2026-10-05,2026-10-05,7,7 days later,278,10,33.35765,133.337593,6.1,27.68495750427246,copernicus_forecast_thetao_surface,双子,双子（NetID 10）,9,77.734695041509,-0.054814746444576,-0.0593006529514342,-0.05373996123671532,-0.16522783041000366,0.1737475737261404,-4.828499641007511e-6,copernicus_forecast_surface_current_core_proxy,0.7141179740428926,real_ocean_forecast,Copernicus Marine GLOBAL_ANALYSISFORECAST_PHY_001_024,33.35765,133.337593,19,6.1,A,26.104999542236328,1.5799579620361328,0.025294969942037556,0.5296969696969697,Moderate,0.5296969696969697,Moderate,GAM: cyclic Jday + SST anomaly + J-EGG500 IDW depth,Relative percentile against the fixed training reference; not an absolute occurrence probability.
2026-09-28,2026-10-05,2026-10-05,7,7 days later,278,12,33.400017,134.011099,23.7,27.48915100097656,copernicus_forecast_thetao_surface,奈半利,奈半利（NetID 12）,1,41.63660706897562,0.0333297284464152,0.0103727470112074,-0.2310439497232437,0.16959306597709656,0.28660620148773575,6.910427146067377e-6,copernicus_forecast_surface_current_core_proxy,0.7141179740428926,real_ocean_forecast,Copernicus Marine GLOBAL_ANALYSISFORECAST_PHY_001_024,33.400017,134.011099,26,23.7,A,26.104999542236328,1.3841514587402308,0.01375926589064148,0.4303030303030303,Low,0.4303030303030303,Low,GAM: cyclic Jday + SST anomaly + J-EGG500 IDW depth,Relative percentile against the fixed training reference; not an absolute occurrence probability.
2026-09-28,2026-10-05,2026-10-05,7,7 days later,278,8,32.734923,133.029438,42.8,27.64496421813965,copernicus_forecast_thetao_surface,伊佐,伊佐（NetID 8）,5,19.887861931864556,-0.1301938426394092,0.7840162562874162,-0.1874036192893982,-0.11812129616737366,0.22152371685899933,6.132572707429063e-7,copernicus_forecast_surface_current_core_proxy,0.7141179740428926,real_ocean_forecast,Copernicus Marine GLOBAL_ANALYSISFORECAST_PHY_001_024,32.734923,133.029438,49,42.8,A,26.104999542236328,1.5399646759033203,0.010140013899324635,0.3793939393939394,Low,0.3793939393939394,Low,GAM: cyclic Jday + SST anomaly + J-EGG500 IDW depth,Relative percentile against the fixed training reference; not an absolute occurrence probability.
2026-09-28,2026-10-05,2026-10-05,7,7 days later,278,5,32.756666,132.822107,42.9,27.37055206298828,copernicus_forecast_thetao_surface,貝の川,貝の川（NetID 5）,3,19.302133850145285,0.3721852378090191,-0.1557156258345112,-0.06585754454135895,-2.3653690004721e-4,0.0658579693182394,-4.419872766447952e-6,copernicus_forecast_surface_current_core_proxy,0.7141179740428926,real_ocean_forecast,Copernicus Marine GLOBAL_ANALYSISFORECAST_PHY_001_024,32.756666,132.822107,18,42.9,B,26.104999542236328,1.2655525207519531,0.009928840818985955,0.37696969696969695,Low,0.37696969696969695,Low,GAM: cyclic Jday + SST anomaly + J-EGG500 IDW depth,Relative percentile against the fixed training reference; not an absolute occurrence probability.
2026-09-28,2026-10-05,2026-10-05,7,7 days later,278,9,33.159542,133.224963,42,27.770742416381836,copernicus_forecast_thetao_surface,窪川,窪川（NetID 9）,1,60.5203252515846,-0.0461272787575611,-0.1373299046409654,-0.07096314430236816,-0.17780233919620514,0.19144043374616845,-1.6090067219920456e-5,copernicus_forecast_surface_current_core_proxy,0.7141179740428926,real_ocean_forecast,Copernicus Marine GLOBAL_ANALYSISFORECAST_PHY_001_024,33.159542,133.224963,34,42,A,26.104999542236328,1.6657428741455078,0.008511723511160892,0.35545454545454547,Low,0.35545454545454547,Low,GAM: cyclic Jday + SST anomaly + J-EGG500 IDW depth,Relative percentile against the fixed training reference; not an absolute occurrence probability.
2026-09-28,2026-10-05,2026-10-05,7,7 days later,278,1,32.793914,132.628975,40,26.97809600830078,copernicus_forecast_thetao_surface,一切,一切（NetID 1）,2,30.233436697262153,-0.1001292021929539,-0.6727468356368203,-0.00598119059577584,0.14552323520183563,0.14564610061567654,-3.2799669043015456e-6,copernicus_forecast_surface_current_core_proxy,0.7141179740428926,real_ocean_forecast,Copernicus Marine GLOBAL_ANALYSISFORECAST_PHY_001_024,32.793914,132.628975,30,40,A,26.104999542236328,0.8730964660644531,0.006618744539728532,0.3242424242424242,Low,0.3242424242424242,Low,GAM: cyclic Jday + SST anomaly + J-EGG500 IDW depth,Relative percentile against the fixed training reference; not an absolute occurrence probability.
2026-09-28,2026-10-05,2026-10-05,7,7 days later,278,4,32.784353,132.703013,40.3,26.97809600830078,copernicus_forecast_thetao_surface,古満目,古満目（NetID 4）,5,25.463603142150777,0.4455729796553364,-0.2336771537877277,-0.00598119059577584,0.14552323520183563,0.14564610061567654,-3.2799669043015456e-6,copernicus_forecast_surface_current_core_proxy,0.7141179740428926,real_ocean_forecast,Copernicus Marine GLOBAL_ANALYSISFORECAST_PHY_001_024,32.784353,132.703013,45,40.3,B,26.104999542236328,0.8730964660644531,0.006412958948993468,0.3184848484848485,Low,0.3184848484848485,Low,GAM: cyclic Jday + SST anomaly + J-EGG500 IDW depth,Relative percentile against the fixed training reference; not an absolute occurrence probability.
2026-09-28,2026-10-05,2026-10-05,7,7 days later,278,13,33.360612,134.043999,17.1,27.48915100097656,copernicus_forecast_thetao_surface,羽根,羽根（NetID 13）,2,36.30138500220467,0.0375763532391619,-0.036936808557192,-0.2310439497232437,0.16959306597709656,0.28660620148773575,6.910427146067377e-6,copernicus_forecast_surface_current_core_proxy,0.7141179740428926,real_ocean_forecast,Copernicus Marine GLOBAL_ANALYSISFORECAST_PHY_001_024,33.360612,134.043999,23,17.1,A,26.104999542236328,1.3841514587402308,0.004379150664655393,0.26666666666666666,Low,0.26666666666666666,Low,GAM: cyclic Jday + SST anomaly + J-EGG500 IDW depth,Relative percentile against the fixed training reference; not an absolute occurrence probability.
2026-09-28,2026-10-05,2026-10-05,7,7 days later,278,7,32.795055,132.985821,21.9,27.64223289489746,copernicus_forecast_thetao_surface,尻貝の浜,尻貝の浜（NetID 7）,2,24.41494575923796,-0.1676966568462163,0.2805019754148821,-0.12348534166812895,-0.10198386013507844,0.16015410495814894,-1.4490256035060156e-5,copernicus_forecast_surface_current_core_proxy,0.7141179740428926,real_ocean_forecast,Copernicus Marine GLOBAL_ANALYSISFORECAST_PHY_001_024,32.795055,132.985821,18,21.9,B,26.104999542236328,1.5372333526611328,0.0031995561181134523,0.21484848484848484,Low,0.21484848484848484,Low,GAM: cyclic Jday + SST anomaly + J-EGG500 IDW depth,Relative percentile against the fixed training reference; not an absolute occurrence probability.
2026-09-28,2026-10-08,2026-10-08,10,10 days later,281,6,32.797259,132.991236,26.3,26.309999465942383,historical_climatology_by_NetID_and_Jday_window,以布利,以布利（NetID 6）,88,22.93690511890454,-0.2758326937189084,0.1430234717549655,NA,NA,NA,NA,NA,NA,seasonal_climatology_fallback,NA,32.797259,132.991236,25,26.3,A,25.666666825612385,0.6433326403299979,0.15691843065371897,0.803030303030303,High,0.803030303030303,High,GAM: cyclic Jday + SST anomaly + J-EGG500 IDW depth,Relative percentile against the fixed training reference; not an absolute occurrence probability.
2026-09-28,2026-10-08,2026-10-08,10,10 days later,281,16,33.302961,134.204049,83.4,25.675000190734863,historical_climatology_by_NetID_and_Jday_window,三津,三津（NetID 16）,28,7.191473676253833,-0.1154696236236119,0.0301841073391395,NA,NA,NA,NA,NA,NA,seasonal_climatology_fallback,NA,33.302961,134.204049,60,83.4,A,25.666666825612385,0.008333365122478398,0.056365151121214443,0.6609090909090909,Moderate,0.6609090909090909,Moderate,GAM: cyclic Jday + SST anomaly + J-EGG500 IDW depth,Relative percentile against the fixed training reference; not an absolute occurrence probability.
2026-09-28,2026-10-08,2026-10-08,10,10 days later,281,17,33.428671,134.243505,50.7,26.229999542236328,historical_climatology_by_NetID_and_Jday_window,佐喜浜,佐喜浜（NetID 17）,53,15.098564435899997,-0.1654048238291564,-0.0688177441129628,NA,NA,NA,NA,NA,NA,seasonal_climatology_fallback,NA,33.428671,134.243505,45,50.7,A,25.666666825612385,0.5633327166239432,0.04427559976329725,0.6290909090909091,Moderate,0.6290909090909091,Moderate,GAM: cyclic Jday + SST anomaly + J-EGG500 IDW depth,Relative percentile against the fixed training reference; not an absolute occurrence probability.
2026-09-28,2026-10-08,2026-10-08,10,10 days later,281,18,33.455525,134.256103,49.3,25.644999504089363,historical_climatology_by_NetID_and_Jday_window,野根,野根（NetID 18）,12,16.614116253454174,-0.0679850779252412,-0.0460969650676847,NA,NA,NA,NA,NA,NA,seasonal_climatology_fallback,NA,33.455525,134.256103,44,49.3,A,25.666666825612385,-0.02166732152302231,0.038117141894421246,0.6039393939393939,Moderate,0.6039393939393939,Moderate,GAM: cyclic Jday + SST anomaly + J-EGG500 IDW depth,Relative percentile against the fixed training reference; not an absolute occurrence probability.
2026-09-28,2026-10-08,2026-10-08,10,10 days later,281,19,33.456354,134.256776,49.8,25.34000015258789,historical_climatology_by_NetID_and_Jday_window,東洋,東洋（NetID 19）,4,16.644408385378007,-0.1720138993506987,-0.1059877880352205,NA,NA,NA,NA,NA,NA,seasonal_climatology_fallback,NA,33.456354,134.256776,40,49.8,A,25.666666825612385,-0.32666667302449426,0.037287640713847145,0.6,Moderate,0.6,Moderate,GAM: cyclic Jday + SST anomaly + J-EGG500 IDW depth,Relative percentile against the fixed training reference; not an absolute occurrence probability.
2026-09-28,2026-10-08,2026-10-08,10,10 days later,281,14,33.311308,134.201197,35.8,25.65000057220459,historical_climatology_by_NetID_and_Jday_window,椎名,椎名（NetID 14）,32,8.033209880589972,-0.106445801931766,0.1129684658183157,NA,NA,NA,NA,NA,NA,seasonal_climatology_fallback,NA,33.311308,134.201197,30,35.8,A,25.666666825612385,-0.01666625340779504,0.03467592122597421,0.5890909090909091,Moderate,0.5890909090909091,Moderate,GAM: cyclic Jday + SST anomaly + J-EGG500 IDW depth,Relative percentile against the fixed training reference; not an absolute occurrence probability.
2026-09-28,2026-10-08,2026-10-08,10,10 days later,281,20,33.593837,134.379416,36.1,26.26000022888184,historical_climatology_by_NetID_and_Jday_window,鞆浦,鞆浦（NetID 20）,1,22.453184412290536,-0.066178577764199,-0.0906268144709379,NA,NA,NA,NA,NA,NA,seasonal_climatology_fallback,NA,33.593837,134.379416,33,36.1,A,25.666666825612385,0.5933334032694546,0.03208836107385599,0.5742424242424242,Moderate,0.5742424242424242,Moderate,GAM: cyclic Jday + SST anomaly + J-EGG500 IDW depth,Relative percentile against the fixed training reference; not an absolute occurrence probability.
2026-09-28,2026-10-08,2026-10-08,10,10 days later,281,3,32.812774,132.642032,54.7,25.26000022888184,historical_climatology_by_NetID_and_Jday_window,橘浦,橘浦（NetID 3）,1,35.23824223858551,0.1089873816471426,-0.4755106492947405,NA,NA,NA,NA,NA,NA,seasonal_climatology_fallback,NA,32.812774,132.642032,44,54.7,A,25.666666825612385,-0.4066665967305454,0.02903956620487612,0.5572727272727273,Moderate,0.5572727272727273,Moderate,GAM: cyclic Jday + SST anomaly + J-EGG500 IDW depth,Relative percentile against the fixed training reference; not an absolute occurrence probability.
2026-09-28,2026-10-08,2026-10-08,10,10 days later,281,11,32.77052,133.019357,47.4,25.299999237060547,historical_climatology_by_NetID_and_Jday_window,窪津,窪津（NetID 11）,15,19.43436460883529,0.0029461036569393,0.4641244043199263,NA,NA,NA,NA,NA,NA,seasonal_climatology_fallback,NA,32.77052,133.019357,28,47.4,B,25.666666825612385,-0.366667588551838,0.02695925407026231,0.5433333333333333,Moderate,0.5433333333333333,Moderate,GAM: cyclic Jday + SST anomaly + J-EGG500 IDW depth,Relative percentile against the fixed training reference; not an absolute occurrence probability.
2026-09-28,2026-10-08,2026-10-08,10,10 days later,281,2,32.802579,132.633563,56,25.11000061035156,historical_climatology_by_NetID_and_Jday_window,安満地,安満地（NetID 2）,4,34.48205860216497,0.0950000117451871,-0.4804710318799452,NA,NA,NA,NA,NA,NA,seasonal_climatology_fallback,NA,32.802579,132.633563,41,56,C,25.666666825612385,-0.5566662152608259,0.025510026194869816,0.5312121212121212,Moderate,0.5312121212121212,Moderate,GAM: cyclic Jday + SST anomaly + J-EGG500 IDW depth,Relative percentile against the fixed training reference; not an absolute occurrence probability.
2026-09-28,2026-10-08,2026-10-08,10,10 days later,281,15,33.269809,134.202371,56.9,25.404999732971195,historical_climatology_by_NetID_and_Jday_window,高岡,高岡（NetID 15）,32,4.564004735950315,0.1101938565367832,-0.0102285368926923,NA,NA,NA,NA,NA,NA,seasonal_climatology_fallback,NA,33.269809,134.202371,47,56.9,A,25.666666825612385,-0.2616670926411899,0.025285762500482784,0.5296969696969697,Moderate,0.5296969696969697,Moderate,GAM: cyclic Jday + SST anomaly + J-EGG500 IDW depth,Relative percentile against the fixed training reference; not an absolute occurrence probability.
2026-09-28,2026-10-08,2026-10-08,10,10 days later,281,10,33.35765,133.337593,6.1,25.605000495910645,historical_climatology_by_NetID_and_Jday_window,双子,双子（NetID 10）,9,56.29468214275108,-0.054814746444576,-0.0593006529514342,NA,NA,NA,NA,NA,NA,seasonal_climatology_fallback,NA,33.35765,133.337593,19,6.1,A,25.666666825612385,-0.06166632970174035,0.017344027370937435,0.4696969696969697,Low,0.4696969696969697,Low,GAM: cyclic Jday + SST anomaly + J-EGG500 IDW depth,Relative percentile against the fixed training reference; not an absolute occurrence probability.
2026-09-28,2026-10-08,2026-10-08,10,10 days later,281,12,33.400017,134.011099,23.7,25.76000022888184,historical_climatology_by_NetID_and_Jday_window,奈半利,奈半利（NetID 12）,1,27.23900410215357,0.0333297284464152,0.0103727470112074,NA,NA,NA,NA,NA,NA,seasonal_climatology_fallback,NA,33.400017,134.011099,26,23.7,A,25.666666825612385,0.0933334032694546,0.010009439016243371,0.37787878787878787,Low,0.37787878787878787,Low,GAM: cyclic Jday + SST anomaly + J-EGG500 IDW depth,Relative percentile against the fixed training reference; not an absolute occurrence probability.
2026-09-28,2026-10-08,2026-10-08,10,10 days later,281,8,32.734923,133.029438,42.8,26.22000026702881,historical_climatology_by_NetID_and_Jday_window,伊佐,伊佐（NetID 8）,5,15.36543503496379,-0.1301938426394092,0.7840162562874162,NA,NA,NA,NA,NA,NA,seasonal_climatology_fallback,NA,32.734923,133.029438,49,42.8,A,25.666666825612385,0.5533334414164237,0.007783153818764707,0.34515151515151515,Low,0.34515151515151515,Low,GAM: cyclic Jday + SST anomaly + J-EGG500 IDW depth,Relative percentile against the fixed training reference; not an absolute occurrence probability.
2026-09-28,2026-10-08,2026-10-08,10,10 days later,281,5,32.756666,132.822107,42.9,25.81999969482422,historical_climatology_by_NetID_and_Jday_window,貝の川,貝の川（NetID 5）,3,23.505997529319924,0.3721852378090191,-0.1557156258345112,NA,NA,NA,NA,NA,NA,seasonal_climatology_fallback,NA,32.756666,132.822107,18,42.9,B,25.666666825612385,0.15333286921183387,0.007450615099436254,0.3415151515151515,Low,0.3415151515151515,Low,GAM: cyclic Jday + SST anomaly + J-EGG500 IDW depth,Relative percentile against the fixed training reference; not an absolute occurrence probability.
2026-09-28,2026-10-08,2026-10-08,10,10 days later,281,9,33.159542,133.224963,42,25.57999992370605,historical_climatology_by_NetID_and_Jday_window,窪川,窪川（NetID 9）,1,45.24988356925527,-0.0461272787575611,-0.1373299046409654,NA,NA,NA,NA,NA,NA,seasonal_climatology_fallback,NA,33.159542,133.224963,34,42,A,25.666666825612385,-0.08666690190633375,0.005690232452200306,0.3051515151515152,Low,0.3051515151515152,Low,GAM: cyclic Jday + SST anomaly + J-EGG500 IDW depth,Relative percentile against the fixed training reference; not an absolute occurrence probability.
2026-09-28,2026-10-08,2026-10-08,10,10 days later,281,1,32.793914,132.628975,40,25.299999237060547,historical_climatology_by_NetID_and_Jday_window,一切,一切（NetID 1）,2,33.7516556580541,-0.1001292021929539,-0.6727468356368203,NA,NA,NA,NA,NA,NA,seasonal_climatology_fallback,NA,32.793914,132.628975,30,40,A,25.666666825612385,-0.366667588551838,0.004849952555856215,0.28606060606060607,Low,0.28606060606060607,Low,GAM: cyclic Jday + SST anomaly + J-EGG500 IDW depth,Relative percentile against the fixed training reference; not an absolute occurrence probability.
2026-09-28,2026-10-08,2026-10-08,10,10 days later,281,4,32.784353,132.703013,40.3,25.209999084472656,historical_climatology_by_NetID_and_Jday_window,古満目,古満目（NetID 4）,5,30.224181574795068,0.4455729796553364,-0.2336771537877277,NA,NA,NA,NA,NA,NA,seasonal_climatology_fallback,NA,32.784353,132.703013,45,40.3,B,25.666666825612385,-0.45666774113972863,0.0046233362334359126,0.27606060606060606,Low,0.27606060606060606,Low,GAM: cyclic Jday + SST anomaly + J-EGG500 IDW depth,Relative percentile against the fixed training reference; not an absolute occurrence probability.
2026-09-28,2026-10-08,2026-10-08,10,10 days later,281,13,33.360612,134.043999,17.1,25.99499988555908,historical_climatology_by_NetID_and_Jday_window,羽根,羽根（NetID 13）,2,21.940810775902285,0.0375763532391619,-0.036936808557192,NA,NA,NA,NA,NA,NA,seasonal_climatology_fallback,NA,33.360612,134.043999,23,17.1,A,25.666666825612385,0.3283330599466936,0.003315096017288174,0.22303030303030302,Low,0.22303030303030302,Low,GAM: cyclic Jday + SST anomaly + J-EGG500 IDW depth,Relative percentile against the fixed training reference; not an absolute occurrence probability.
2026-09-28,2026-10-08,2026-10-08,10,10 days later,281,7,32.795055,132.985821,21.9,25.479999542236328,historical_climatology_by_NetID_and_Jday_window,尻貝の浜,尻貝の浜（NetID 7）,2,22.820611196308544,-0.1676966568462163,0.2805019754148821,NA,NA,NA,NA,NA,NA,seasonal_climatology_fallback,NA,32.795055,132.985821,18,21.9,B,25.666666825612385,-0.18666728337605676,0.002146192930771707,0.14696969696969697,Low,0.14696969696969697,Low,GAM: cyclic Jday + SST anomaly + J-EGG500 IDW depth,Relative percentile against the fixed training reference; not an absolute occurrence probability.
2026-09-28,2026-10-12,2026-10-12,14,14 days later,285,6,32.797259,132.991236,26.3,25.614999771118164,historical_climatology_by_NetID_and_Jday_window,以布利,以布利（NetID 6）,88,22.93690511890454,-0.2758326937189084,0.1430234717549655,NA,NA,NA,NA,NA,NA,seasonal_climatology_fallback,NA,32.797259,132.991236,25,26.3,A,25.56444443596734,0.05055533515082544,0.13028208320769089,0.7793939393939394,High,0.7793939393939394,High,GAM: cyclic Jday + SST anomaly + J-EGG500 IDW depth,Relative percentile against the fixed training reference; not an absolute occurrence probability.
2026-09-28,2026-10-12,2026-10-12,14,14 days later,285,16,33.302961,134.204049,83.4,25.65999984741211,historical_climatology_by_NetID_and_Jday_window,三津,三津（NetID 16）,28,7.191473676253833,-0.1154696236236119,0.0301841073391395,NA,NA,NA,NA,NA,NA,seasonal_climatology_fallback,NA,33.302961,134.204049,60,83.4,A,25.56444443596734,0.09555541144477075,0.05156788648577104,0.6512121212121212,Moderate,0.6512121212121212,Moderate,GAM: cyclic Jday + SST anomaly + J-EGG500 IDW depth,Relative percentile against the fixed training reference; not an absolute occurrence probability.
2026-09-28,2026-10-12,2026-10-12,14,14 days later,285,19,33.456354,134.256776,49.8,25.399999618530277,historical_climatology_by_NetID_and_Jday_window,東洋,東洋（NetID 19）,4,16.644408385378007,-0.1720138993506987,-0.1059877880352205,NA,NA,NA,NA,NA,NA,seasonal_climatology_fallback,NA,33.456354,134.256776,40,49.8,A,25.56444443596734,-0.16444481743706163,0.03450476985815021,0.5866666666666667,Moderate,0.5866666666666667,Moderate,GAM: cyclic Jday + SST anomaly + J-EGG500 IDW depth,Relative percentile against the fixed training reference; not an absolute occurrence probability.
2026-09-28,2026-10-12,2026-10-12,14,14 days later,285,17,33.428671,134.243505,50.7,25.27500057220459,historical_climatology_by_NetID_and_Jday_window,佐喜浜,佐喜浜（NetID 17）,53,15.098564435899997,-0.1654048238291564,-0.0688177441129628,NA,NA,NA,NA,NA,NA,seasonal_climatology_fallback,NA,33.428671,134.243505,45,50.7,A,25.56444443596734,-0.2894438637627488,0.03434929630906851,0.5857575757575758,Moderate,0.5857575757575758,Moderate,GAM: cyclic Jday + SST anomaly + J-EGG500 IDW depth,Relative percentile against the fixed training reference; not an absolute occurrence probability.
2026-09-28,2026-10-12,2026-10-12,14,14 days later,285,18,33.455525,134.256103,49.3,25.479999542236328,historical_climatology_by_NetID_and_Jday_window,野根,野根（NetID 18）,12,16.614116253454174,-0.0679850779252412,-0.0460969650676847,NA,NA,NA,NA,NA,NA,seasonal_climatology_fallback,NA,33.455525,134.256103,44,49.3,A,25.56444443596734,-0.0844448937310105,0.0339147145925235,0.5845454545454546,Moderate,0.5845454545454546,Moderate,GAM: cyclic Jday + SST anomaly + J-EGG500 IDW depth,Relative percentile against the fixed training reference; not an absolute occurrence probability.
2026-09-28,2026-10-12,2026-10-12,14,14 days later,285,14,33.311308,134.201197,35.8,25.585000038146973,historical_climatology_by_NetID_and_Jday_window,椎名,椎名（NetID 14）,32,8.033209880589972,-0.106445801931766,0.1129684658183157,NA,NA,NA,NA,NA,NA,seasonal_climatology_fallback,NA,33.311308,134.201197,30,35.8,A,25.56444443596734,0.020555602179634036,0.03138636515805758,0.5703030303030303,Moderate,0.5703030303030303,Moderate,GAM: cyclic Jday + SST anomaly + J-EGG500 IDW depth,Relative percentile against the fixed training reference; not an absolute occurrence probability.
2026-09-28,2026-10-12,2026-10-12,14,14 days later,285,20,33.593837,134.379416,36.1,25.795000076293945,historical_climatology_by_NetID_and_Jday_window,鞆浦,鞆浦（NetID 20）,1,22.453184412290536,-0.066178577764199,-0.0906268144709379,NA,NA,NA,NA,NA,NA,seasonal_climatology_fallback,NA,33.593837,134.379416,33,36.1,A,25.56444443596734,0.2305556403266067,0.02706332622806372,0.5445454545454546,Moderate,0.5445454545454546,Moderate,GAM: cyclic Jday + SST anomaly + J-EGG500 IDW depth,Relative percentile against the fixed training reference; not an absolute occurrence probability.
2026-09-28,2026-10-12,2026-10-12,14,14 days later,285,3,32.812774,132.642032,54.7,24.850000381469727,historical_climatology_by_NetID_and_Jday_window,橘浦,橘浦（NetID 3）,1,35.23824223858551,0.1089873816471426,-0.4755106492947405,NA,NA,NA,NA,NA,NA,seasonal_climatology_fallback,NA,32.812774,132.642032,44,54.7,A,25.56444443596734,-0.7144440544976121,0.024719459325798845,0.5248484848484849,Moderate,0.5248484848484849,Moderate,GAM: cyclic Jday + SST anomaly + J-EGG500 IDW depth,Relative percentile against the fixed training reference; not an absolute occurrence probability.
2026-09-28,2026-10-12,2026-10-12,14,14 days later,285,11,32.77052,133.019357,47.4,24.979999542236328,historical_climatology_by_NetID_and_Jday_window,窪津,窪津（NetID 11）,15,19.43436460883529,0.0029461036569393,0.4641244043199263,NA,NA,NA,NA,NA,NA,seasonal_climatology_fallback,NA,32.77052,133.019357,28,47.4,B,25.56444443596734,-0.5844448937310105,0.023309193439290686,0.5163636363636364,Moderate,0.5163636363636364,Moderate,GAM: cyclic Jday + SST anomaly + J-EGG500 IDW depth,Relative percentile against the fixed training reference; not an absolute occurrence probability.
2026-09-28,2026-10-12,2026-10-12,14,14 days later,285,2,32.802579,132.633563,56,25.095000267028805,historical_climatology_by_NetID_and_Jday_window,安満地,安満地（NetID 2）,4,34.48205860216497,0.0950000117451871,-0.4804710318799452,NA,NA,NA,NA,NA,NA,seasonal_climatology_fallback,NA,32.802579,132.633563,41,56,C,25.56444443596734,-0.4694441689385336,0.023273990701679043,0.5157575757575757,Moderate,0.5157575757575757,Moderate,GAM: cyclic Jday + SST anomaly + J-EGG500 IDW depth,Relative percentile against the fixed training reference; not an absolute occurrence probability.
2026-09-28,2026-10-12,2026-10-12,14,14 days later,285,15,33.269809,134.202371,56.9,25.30499935150147,historical_climatology_by_NetID_and_Jday_window,高岡,高岡（NetID 15）,32,4.564004735950315,0.1101938565367832,-0.0102285368926923,NA,NA,NA,NA,NA,NA,seasonal_climatology_fallback,NA,33.269809,134.202371,47,56.9,A,25.56444443596734,-0.2594450844658702,0.02272478466162682,0.5112121212121212,Moderate,0.5112121212121212,Moderate,GAM: cyclic Jday + SST anomaly + J-EGG500 IDW depth,Relative percentile against the fixed training reference; not an absolute occurrence probability.
2026-09-28,2026-10-12,2026-10-12,14,14 days later,285,10,33.35765,133.337593,6.1,25.59000015258789,historical_climatology_by_NetID_and_Jday_window,双子,双子（NetID 10）,9,56.29468214275108,-0.054814746444576,-0.0593006529514342,NA,NA,NA,NA,NA,NA,seasonal_climatology_fallback,NA,33.35765,133.337593,19,6.1,A,25.56444443596734,0.025555716620552005,0.015812209089329666,0.4542424242424242,Low,0.4542424242424242,Low,GAM: cyclic Jday + SST anomaly + J-EGG500 IDW depth,Relative percentile against the fixed training reference; not an absolute occurrence probability.
2026-09-28,2026-10-12,2026-10-12,14,14 days later,285,12,33.400017,134.011099,23.7,25.76499938964844,historical_climatology_by_NetID_and_Jday_window,奈半利,奈半利（NetID 12）,1,27.23900410215357,0.0333297284464152,0.0103727470112074,NA,NA,NA,NA,NA,NA,seasonal_climatology_fallback,NA,33.400017,134.011099,26,23.7,A,25.56444443596734,0.20055495368110243,0.009152183477385967,0.3663636363636364,Low,0.3663636363636364,Low,GAM: cyclic Jday + SST anomaly + J-EGG500 IDW depth,Relative percentile against the fixed training reference; not an absolute occurrence probability.
2026-09-28,2026-10-12,2026-10-12,14,14 days later,285,5,32.756666,132.822107,42.9,25.75,historical_climatology_by_NetID_and_Jday_window,貝の川,貝の川（NetID 5）,3,23.505997529319924,0.3721852378090191,-0.1557156258345112,NA,NA,NA,NA,NA,NA,seasonal_climatology_fallback,NA,32.756666,132.822107,18,42.9,B,25.56444443596734,0.18555556403266138,0.00671977319063555,0.32515151515151514,Low,0.32515151515151514,Low,GAM: cyclic Jday + SST anomaly + J-EGG500 IDW depth,Relative percentile against the fixed training reference; not an absolute occurrence probability.
2026-09-28,2026-10-12,2026-10-12,14,14 days later,285,8,32.734923,133.029438,42.8,25.6200008392334,historical_climatology_by_NetID_and_Jday_window,伊佐,伊佐（NetID 8）,5,15.36543503496379,-0.1301938426394092,0.7840162562874162,NA,NA,NA,NA,NA,NA,seasonal_climatology_fallback,NA,32.734923,133.029438,49,42.8,A,25.56444443596734,0.05555640326605982,0.006381760657867316,0.31787878787878787,Low,0.31787878787878787,Low,GAM: cyclic Jday + SST anomaly + J-EGG500 IDW depth,Relative percentile against the fixed training reference; not an absolute occurrence probability.
2026-09-28,2026-10-12,2026-10-12,14,14 days later,285,9,33.159542,133.224963,42,25.38999938964844,historical_climatology_by_NetID_and_Jday_window,窪川,窪川（NetID 9）,1,45.24988356925527,-0.0461272787575611,-0.1373299046409654,NA,NA,NA,NA,NA,NA,seasonal_climatology_fallback,NA,33.159542,133.224963,34,42,A,25.56444443596734,-0.17444504631889757,0.005021477490020714,0.2915151515151515,Low,0.2915151515151515,Low,GAM: cyclic Jday + SST anomaly + J-EGG500 IDW depth,Relative percentile against the fixed training reference; not an absolute occurrence probability.
2026-09-28,2026-10-12,2026-10-12,14,14 days later,285,1,32.793914,132.628975,40,25.049999237060547,historical_climatology_by_NetID_and_Jday_window,一切,一切（NetID 1）,2,33.7516556580541,-0.1001292021929539,-0.6727468356368203,NA,NA,NA,NA,NA,NA,seasonal_climatology_fallback,NA,32.793914,132.628975,30,40,A,25.56444443596734,-0.5144451989067917,0.004233515380143679,0.26121212121212123,Low,0.26121212121212123,Low,GAM: cyclic Jday + SST anomaly + J-EGG500 IDW depth,Relative percentile against the fixed training reference; not an absolute occurrence probability.
2026-09-28,2026-10-12,2026-10-12,14,14 days later,285,4,32.784353,132.703013,40.3,25.209999084472656,historical_climatology_by_NetID_and_Jday_window,古満目,古満目（NetID 4）,5,30.224181574795068,0.4455729796553364,-0.2336771537877277,NA,NA,NA,NA,NA,NA,seasonal_climatology_fallback,NA,32.784353,132.703013,45,40.3,B,25.56444443596734,-0.35444535149468237,0.004221576537835184,0.2609090909090909,Low,0.2609090909090909,Low,GAM: cyclic Jday + SST anomaly + J-EGG500 IDW depth,Relative percentile against the fixed training reference; not an absolute occurrence probability.
2026-09-28,2026-10-12,2026-10-12,14,14 days later,285,13,33.360612,134.043999,17.1,25.31999969482422,historical_climatology_by_NetID_and_Jday_window,羽根,羽根（NetID 13）,2,21.940810775902285,0.0375763532391619,-0.036936808557192,NA,NA,NA,NA,NA,NA,seasonal_climatology_fallback,NA,33.360612,134.043999,23,17.1,A,25.56444443596734,-0.24444474114311987,0.0026795016422129624,0.18212121212121213,Low,0.18212121212121213,Low,GAM: cyclic Jday + SST anomaly + J-EGG500 IDW depth,Relative percentile against the fixed training reference; not an absolute occurrence probability.
2026-09-28,2026-10-12,2026-10-12,14,14 days later,285,7,32.795055,132.985821,21.9,25.45499992370605,historical_climatology_by_NetID_and_Jday_window,尻貝の浜,尻貝の浜（NetID 7）,2,22.820611196308544,-0.1676966568462163,0.2805019754148821,NA,NA,NA,NA,NA,NA,seasonal_climatology_fallback,NA,32.795055,132.985821,18,21.9,B,25.56444443596734,-0.10944451226128749,0.0019504447132480545,0.13333333333333333,Low,0.13333333333333333,Low,GAM: cyclic Jday + SST anomaly + J-EGG500 IDW depth,Relative percentile against the fixed training reference; not an absolute occurrence probability.
2026-09-28,2026-10-28,2026-10-28,30,30 days later,301,6,32.797259,132.991236,26.3,24.40999984741211,historical_climatology_by_NetID_and_Jday_window,以布利,以布利（NetID 6）,88,22.93690511890454,-0.2758326937189084,0.1430234717549655,NA,NA,NA,NA,NA,NA,seasonal_climatology_fallback,NA,32.797259,132.991236,25,26.3,A,23.663333257039387,0.7466665903727225,0.11280642619685655,0.7584848484848485,High,0.7584848484848485,High,GAM: cyclic Jday + SST anomaly + J-EGG500 IDW depth,Relative percentile against the fixed training reference; not an absolute occurrence probability.
2026-09-28,2026-10-28,2026-10-28,30,30 days later,301,16,33.302961,134.204049,83.4,24.394999504089363,historical_climatology_by_NetID_and_Jday_window,三津,三津（NetID 16）,28,7.191473676253833,-0.1154696236236119,0.0301841073391395,NA,NA,NA,NA,NA,NA,seasonal_climatology_fallback,NA,33.302961,134.204049,60,83.4,A,23.663333257039387,0.7316662470499757,0.04365938968565862,0.6272727272727273,Moderate,0.6272727272727273,Moderate,GAM: cyclic Jday + SST anomaly + J-EGG500 IDW depth,Relative percentile against the fixed training reference; not an absolute occurrence probability.
2026-09-28,2026-10-28,2026-10-28,30,30 days later,301,17,33.428671,134.243505,50.7,24.6200008392334,historical_climatology_by_NetID_and_Jday_window,佐喜浜,佐喜浜（NetID 17）,53,15.098564435899997,-0.1654048238291564,-0.0688177441129628,NA,NA,NA,NA,NA,NA,seasonal_climatology_fallback,NA,33.428671,134.243505,45,50.7,A,23.663333257039387,0.9566675821940116,0.03227728355555847,0.5757575757575758,Moderate,0.5757575757575758,Moderate,GAM: cyclic Jday + SST anomaly + J-EGG500 IDW depth,Relative percentile against the fixed training reference; not an absolute occurrence probability.
2026-09-28,2026-10-28,2026-10-28,30,30 days later,301,19,33.456354,134.256776,49.8,24.450000762939453,historical_climatology_by_NetID_and_Jday_window,東洋,東洋（NetID 19）,4,16.644408385378007,-0.1720138993506987,-0.1059877880352205,NA,NA,NA,NA,NA,NA,seasonal_climatology_fallback,NA,33.456354,134.256776,40,49.8,A,23.663333257039387,0.7866675059000663,0.030789508467040472,0.5663636363636364,Moderate,0.5663636363636364,Moderate,GAM: cyclic Jday + SST anomaly + J-EGG500 IDW depth,Relative percentile against the fixed training reference; not an absolute occurrence probability.
2026-09-28,2026-10-28,2026-10-28,30,30 days later,301,18,33.455525,134.256103,49.3,24.1200008392334,historical_climatology_by_NetID_and_Jday_window,野根,野根（NetID 18）,12,16.614116253454174,-0.0679850779252412,-0.0460969650676847,NA,NA,NA,NA,NA,NA,seasonal_climatology_fallback,NA,33.455525,134.256103,44,49.3,A,23.663333257039387,0.4566675821940116,0.02815705569079482,0.5509090909090909,Moderate,0.5509090909090909,Moderate,GAM: cyclic Jday + SST anomaly + J-EGG500 IDW depth,Relative percentile against the fixed training reference; not an absolute occurrence probability.
2026-09-28,2026-10-28,2026-10-28,30,30 days later,301,14,33.311308,134.201197,35.8,24.299999237060547,historical_climatology_by_NetID_and_Jday_window,椎名,椎名（NetID 14）,32,8.033209880589972,-0.106445801931766,0.1129684658183157,NA,NA,NA,NA,NA,NA,seasonal_climatology_fallback,NA,33.311308,134.201197,30,35.8,A,23.663333257039387,0.63666598002116,0.02639319512756247,0.5390909090909091,Moderate,0.5390909090909091,Moderate,GAM: cyclic Jday + SST anomaly + J-EGG500 IDW depth,Relative percentile against the fixed training reference; not an absolute occurrence probability.
2026-09-28,2026-10-28,2026-10-28,30,30 days later,301,11,32.77052,133.019357,47.4,24.835000038146976,historical_climatology_by_NetID_and_Jday_window,窪津,窪津（NetID 11）,15,19.43436460883529,0.0029461036569393,0.4641244043199263,NA,NA,NA,NA,NA,NA,seasonal_climatology_fallback,NA,32.77052,133.019357,28,47.4,B,23.663333257039387,1.1716667811075894,0.023954079078333915,0.5206060606060606,Moderate,0.5206060606060606,Moderate,GAM: cyclic Jday + SST anomaly + J-EGG500 IDW depth,Relative percentile against the fixed training reference; not an absolute occurrence probability.
2026-09-28,2026-10-28,2026-10-28,30,30 days later,301,3,32.812774,132.642032,54.7,23.864999771118164,historical_climatology_by_NetID_and_Jday_window,橘浦,橘浦（NetID 3）,1,35.23824223858551,0.1089873816471426,-0.4755106492947405,NA,NA,NA,NA,NA,NA,seasonal_climatology_fallback,NA,32.812774,132.642032,44,54.7,A,23.663333257039387,0.20166651407877723,0.021896724076099452,0.5066666666666667,Moderate,0.5066666666666667,Moderate,GAM: cyclic Jday + SST anomaly + J-EGG500 IDW depth,Relative percentile against the fixed training reference; not an absolute occurrence probability.
2026-09-28,2026-10-28,2026-10-28,30,30 days later,301,15,33.269809,134.202371,56.9,24.729999542236328,historical_climatology_by_NetID_and_Jday_window,高岡,高岡（NetID 15）,32,4.564004735950315,0.1101938565367832,-0.0102285368926923,NA,NA,NA,NA,NA,NA,seasonal_climatology_fallback,NA,33.269809,134.202371,47,56.9,A,23.663333257039387,1.0666662851969413,0.02164310174798931,0.5039393939393939,Moderate,0.5039393939393939,Moderate,GAM: cyclic Jday + SST anomaly + J-EGG500 IDW depth,Relative percentile against the fixed training reference; not an absolute occurrence probability.
2026-09-28,2026-10-28,2026-10-28,30,30 days later,301,2,32.802579,132.633563,56,24.01499938964844,historical_climatology_by_NetID_and_Jday_window,安満地,安満地（NetID 2）,4,34.48205860216497,0.0950000117451871,-0.4804710318799452,NA,NA,NA,NA,NA,NA,seasonal_climatology_fallback,NA,32.802579,132.633563,41,56,C,23.663333257039387,0.3516661326090542,0.020268847780129242,0.49575757575757573,Low,0.49575757575757573,Low,GAM: cyclic Jday + SST anomaly + J-EGG500 IDW depth,Relative percentile against the fixed training reference; not an absolute occurrence probability.
2026-09-28,2026-10-28,2026-10-28,30,30 days later,301,20,33.593837,134.379416,36.1,23.799999237060547,historical_climatology_by_NetID_and_Jday_window,鞆浦,鞆浦（NetID 20）,1,22.453184412290536,-0.066178577764199,-0.0906268144709379,NA,NA,NA,NA,NA,NA,seasonal_climatology_fallback,NA,33.593837,134.379416,33,36.1,A,23.663333257039387,0.13666598002116004,0.020053651812196444,0.49303030303030304,Low,0.49303030303030304,Low,GAM: cyclic Jday + SST anomaly + J-EGG500 IDW depth,Relative percentile against the fixed training reference; not an absolute occurrence probability.
2026-09-28,2026-10-28,2026-10-28,30,30 days later,301,10,33.35765,133.337593,6.1,24.039999961853027,historical_climatology_by_NetID_and_Jday_window,双子,双子（NetID 10）,9,56.29468214275108,-0.054814746444576,-0.0593006529514342,NA,NA,NA,NA,NA,NA,seasonal_climatology_fallback,NA,33.35765,133.337593,19,6.1,A,23.663333257039387,0.3766667048136405,0.012649309282165714,0.4172727272727273,Low,0.4172727272727273,Low,GAM: cyclic Jday + SST anomaly + J-EGG500 IDW depth,Relative percentile against the fixed training reference; not an absolute occurrence probability.
2026-09-28,2026-10-28,2026-10-28,30,30 days later,301,12,33.400017,134.011099,23.7,24.02500057220459,historical_climatology_by_NetID_and_Jday_window,奈半利,奈半利（NetID 12）,1,27.23900410215357,0.0333297284464152,0.0103727470112074,NA,NA,NA,NA,NA,NA,seasonal_climatology_fallback,NA,33.400017,134.011099,26,23.7,A,23.663333257039387,0.361667315165203,0.007066130054189832,0.333030303030303,Low,0.333030303030303,Low,GAM: cyclic Jday + SST anomaly + J-EGG500 IDW depth,Relative percentile against the fixed training reference; not an absolute occurrence probability.
2026-09-28,2026-10-28,2026-10-28,30,30 days later,301,8,32.734923,133.029438,42.8,25.440000534057617,historical_climatology_by_NetID_and_Jday_window,伊佐,伊佐（NetID 8）,5,15.36543503496379,-0.1301938426394092,0.7840162562874162,NA,NA,NA,NA,NA,NA,seasonal_climatology_fallback,NA,32.734923,133.029438,49,42.8,A,23.663333257039387,1.7766672770182304,0.0065204415741602784,0.3203030303030303,Low,0.3203030303030303,Low,GAM: cyclic Jday + SST anomaly + J-EGG500 IDW depth,Relative percentile against the fixed training reference; not an absolute occurrence probability.
2026-09-28,2026-10-28,2026-10-28,30,30 days later,301,5,32.756666,132.822107,42.9,24.86999988555909,historical_climatology_by_NetID_and_Jday_window,貝の川,貝の川（NetID 5）,3,23.505997529319924,0.3721852378090191,-0.1557156258345112,NA,NA,NA,NA,NA,NA,seasonal_climatology_fallback,NA,32.756666,132.822107,18,42.9,B,23.663333257039387,1.2066666285197023,0.006053560766573197,0.31242424242424244,Low,0.31242424242424244,Low,GAM: cyclic Jday + SST anomaly + J-EGG500 IDW depth,Relative percentile against the fixed training reference; not an absolute occurrence probability.
2026-09-28,2026-10-28,2026-10-28,30,30 days later,301,9,33.159542,133.224963,42,24.420000076293945,historical_climatology_by_NetID_and_Jday_window,窪川,窪川（NetID 9）,1,45.24988356925527,-0.0461272787575611,-0.1373299046409654,NA,NA,NA,NA,NA,NA,seasonal_climatology_fallback,NA,33.159542,133.224963,34,42,A,23.663333257039387,0.7566668192545585,0.004450036589490351,0.2687878787878788,Low,0.2687878787878788,Low,GAM: cyclic Jday + SST anomaly + J-EGG500 IDW depth,Relative percentile against the fixed training reference; not an absolute occurrence probability.
2026-09-28,2026-10-28,2026-10-28,30,30 days later,301,4,32.784353,132.703013,40.3,24.335000038146973,historical_climatology_by_NetID_and_Jday_window,古満目,古満目（NetID 4）,5,30.224181574795068,0.4455729796553364,-0.2336771537877277,NA,NA,NA,NA,NA,NA,seasonal_climatology_fallback,NA,32.784353,132.703013,45,40.3,B,23.663333257039387,0.6716667811075858,0.0038054283620941255,0.24424242424242423,Low,0.24424242424242423,Low,GAM: cyclic Jday + SST anomaly + J-EGG500 IDW depth,Relative percentile against the fixed training reference; not an absolute occurrence probability.
2026-09-28,2026-10-28,2026-10-28,30,30 days later,301,1,32.793914,132.628975,40,24,historical_climatology_by_NetID_and_Jday_window,一切,一切（NetID 1）,2,33.7516556580541,-0.1001292021929539,-0.6727468356368203,NA,NA,NA,NA,NA,NA,seasonal_climatology_fallback,NA,32.793914,132.628975,30,40,A,23.663333257039387,0.33666674296061316,0.003697569420298293,0.23969696969696969,Low,0.23969696969696969,Low,GAM: cyclic Jday + SST anomaly + J-EGG500 IDW depth,Relative percentile against the fixed training reference; not an absolute occurrence probability.
2026-09-28,2026-10-28,2026-10-28,30,30 days later,301,13,33.360612,134.043999,17.1,24.270000457763672,historical_climatology_by_NetID_and_Jday_window,羽根,羽根（NetID 13）,2,21.940810775902285,0.0375763532391619,-0.036936808557192,NA,NA,NA,NA,NA,NA,seasonal_climatology_fallback,NA,33.360612,134.043999,23,17.1,A,23.663333257039387,0.606667200724285,0.0023398716035608965,0.16151515151515153,Low,0.16151515151515153,Low,GAM: cyclic Jday + SST anomaly + J-EGG500 IDW depth,Relative percentile against the fixed training reference; not an absolute occurrence probability.
2026-09-28,2026-10-28,2026-10-28,30,30 days later,301,7,32.795055,132.985821,21.9,24.48499965667725,historical_climatology_by_NetID_and_Jday_window,尻貝の浜,尻貝の浜（NetID 7）,2,22.820611196308544,-0.1676966568462163,0.2805019754148821,NA,NA,NA,NA,NA,NA,seasonal_climatology_fallback,NA,32.795055,132.985821,18,21.9,B,23.663333257039387,0.8216663996378628,0.0017278846528148515,0.12,Low,0.12,Low,GAM: cyclic Jday + SST anomaly + J-EGG500 IDW depth,Relative percentile against the fixed training reference; not an absolute occurrence probability.
