forecast_base_date,target_date,date,offset_days,forecast_label,Jday,NetID,Latitude,Longitude,depth_m,SST,SST_source,net_name,net_label,n_presence,kuroshio_dist_km,upwelling_proxy,retention_proxy,uo_forecast,vo_forecast,current_speed_forecast,wo_forecast,kuroshio_source,kuroshio_core_speed_threshold,forecast_ocean_mode,ocean_forecast_source
2026-09-27,2026-09-27,2026-09-27,0,Today,270,1,32.793914,132.628975,40.0,27.521156311035156,copernicus_forecast_thetao_surface,一切,一切（NetID 1）,2,37.87118396352829,-0.1001292021929539,-0.6727468356368203,0.2152542918920517,0.03177005052566528,0.2175861812899705,-7.488514711440075e-06,copernicus_forecast_surface_current_core_proxy,0.7208388984203344,real_ocean_forecast,Copernicus Marine GLOBAL_ANALYSISFORECAST_PHY_001_024
2026-09-27,2026-09-27,2026-09-27,0,Today,270,2,32.802579,132.633563,56.0,27.411462783813477,copernicus_forecast_thetao_surface,安満地,安満地（NetID 2）,4,38.49473674243188,0.0950000117451871,-0.4804710318799452,0.05605734512209892,0.08489139378070831,0.10172991045002149,-5.627729478874244e-06,copernicus_forecast_surface_current_core_proxy,0.7208388984203344,real_ocean_forecast,Copernicus Marine GLOBAL_ANALYSISFORECAST_PHY_001_024
2026-09-27,2026-09-27,2026-09-27,0,Today,270,3,32.812774,132.642032,54.7,27.411462783813477,copernicus_forecast_thetao_surface,橘浦,橘浦（NetID 3）,1,39.11961610560914,0.1089873816471426,-0.4755106492947405,0.05605734512209892,0.08489139378070831,0.10172991045002149,-5.627729478874244e-06,copernicus_forecast_surface_current_core_proxy,0.7208388984203344,real_ocean_forecast,Copernicus Marine GLOBAL_ANALYSISFORECAST_PHY_001_024
2026-09-27,2026-09-27,2026-09-27,0,Today,270,4,32.784353,132.703013,40.3,27.521156311035156,copernicus_forecast_thetao_surface,古満目,古満目（NetID 4）,5,33.89182503607091,0.4455729796553364,-0.2336771537877277,0.2152542918920517,0.03177005052566528,0.2175861812899705,-7.488514711440075e-06,copernicus_forecast_surface_current_core_proxy,0.7208388984203344,real_ocean_forecast,Copernicus Marine GLOBAL_ANALYSISFORECAST_PHY_001_024
2026-09-27,2026-09-27,2026-09-27,0,Today,270,5,32.756666,132.822107,42.9,27.396215438842773,copernicus_forecast_thetao_surface,貝の川,貝の川（NetID 5）,3,28.559388193569216,0.3721852378090191,-0.1557156258345112,0.21836933493614197,-0.00665577407926321,0.21847074350824905,-1.3312323062564246e-05,copernicus_forecast_surface_current_core_proxy,0.7208388984203344,real_ocean_forecast,Copernicus Marine GLOBAL_ANALYSISFORECAST_PHY_001_024
2026-09-27,2026-09-27,2026-09-27,0,Today,270,6,32.797259,132.991236,26.3,28.023643493652344,copernicus_forecast_thetao_surface,以布利,以布利（NetID 6）,88,28.903557957816137,-0.2758326937189084,0.1430234717549655,-0.008121910504996777,-0.07012084871530533,0.0705896511877337,-2.173558186768787e-06,copernicus_forecast_surface_current_core_proxy,0.7208388984203344,real_ocean_forecast,Copernicus Marine GLOBAL_ANALYSISFORECAST_PHY_001_024
2026-09-27,2026-09-27,2026-09-27,0,Today,270,7,32.795055,132.985821,21.9,28.023643493652344,copernicus_forecast_thetao_surface,尻貝の浜,尻貝の浜（NetID 7）,2,28.995187814430075,-0.1676966568462163,0.2805019754148821,-0.008121910504996777,-0.07012084871530533,0.0705896511877337,-2.173558186768787e-06,copernicus_forecast_surface_current_core_proxy,0.7208388984203344,real_ocean_forecast,Copernicus Marine GLOBAL_ANALYSISFORECAST_PHY_001_024
2026-09-27,2026-09-27,2026-09-27,0,Today,270,8,32.734923,133.029438,42.8,27.98574447631836,copernicus_forecast_thetao_surface,伊佐,伊佐（NetID 8）,5,21.194347351656855,-0.1301938426394092,0.7840162562874162,0.004958038218319416,-0.09277305006980896,0.09290544097214971,-6.521824616356753e-06,copernicus_forecast_surface_current_core_proxy,0.7208388984203344,real_ocean_forecast,Copernicus Marine GLOBAL_ANALYSISFORECAST_PHY_001_024
2026-09-27,2026-09-27,2026-09-27,0,Today,270,9,33.159542,133.224963,42.0,27.906646728515625,copernicus_forecast_thetao_surface,窪川,窪川（NetID 9）,1,60.5203252515846,-0.0461272787575611,-0.1373299046409654,-0.04273634031414986,-0.11205940693616867,0.11993208689226031,-1.880251716102066e-06,copernicus_forecast_surface_current_core_proxy,0.7208388984203344,real_ocean_forecast,Copernicus Marine GLOBAL_ANALYSISFORECAST_PHY_001_024
2026-09-27,2026-09-27,2026-09-27,0,Today,270,10,33.35765,133.337593,6.1,27.60516357421875,copernicus_forecast_thetao_surface,双子,双子（NetID 10）,9,69.82065240281744,-0.054814746444576,-0.0593006529514342,-0.029050113633275032,-0.03650553151965141,0.046653648663726774,-3.8095511172286933e-06,copernicus_forecast_surface_current_core_proxy,0.7208388984203344,real_ocean_forecast,Copernicus Marine GLOBAL_ANALYSISFORECAST_PHY_001_024
2026-09-27,2026-09-27,2026-09-27,0,Today,270,11,32.77052,133.019357,47.4,27.98574447631836,copernicus_forecast_thetao_surface,窪津,窪津（NetID 11）,15,24.9673933287982,0.0029461036569393,0.4641244043199263,0.004958038218319416,-0.09277305006980896,0.09290544097214971,-6.521824616356753e-06,copernicus_forecast_surface_current_core_proxy,0.7208388984203344,real_ocean_forecast,Copernicus Marine GLOBAL_ANALYSISFORECAST_PHY_001_024
2026-09-27,2026-09-27,2026-09-27,0,Today,270,12,33.400017,134.011099,23.7,28.082622528076172,copernicus_forecast_thetao_surface,奈半利,奈半利（NetID 12）,1,41.63660706897562,0.0333297284464152,0.0103727470112074,0.009746837429702282,-0.023503774777054787,0.02544461178032713,-3.2431003091915045e-06,copernicus_forecast_surface_current_core_proxy,0.7208388984203344,real_ocean_forecast,Copernicus Marine GLOBAL_ANALYSISFORECAST_PHY_001_024
2026-09-27,2026-09-27,2026-09-27,0,Today,270,13,33.360612,134.043999,17.1,28.082622528076172,copernicus_forecast_thetao_surface,羽根,羽根（NetID 13）,2,36.30138500220467,0.0375763532391619,-0.036936808557192,0.009746837429702282,-0.023503774777054787,0.02544461178032713,-3.2431003091915045e-06,copernicus_forecast_surface_current_core_proxy,0.7208388984203344,real_ocean_forecast,Copernicus Marine GLOBAL_ANALYSISFORECAST_PHY_001_024
2026-09-27,2026-09-27,2026-09-27,0,Today,270,14,33.311308,134.201197,35.8,27.83226776123047,copernicus_forecast_thetao_surface,椎名,椎名（NetID 14）,32,25.696385031418068,-0.106445801931766,0.1129684658183157,0.16519367694854736,0.0557858869433403,0.17435887154325178,7.085342872414913e-07,copernicus_forecast_surface_current_core_proxy,0.7208388984203344,real_ocean_forecast,Copernicus Marine GLOBAL_ANALYSISFORECAST_PHY_001_024
2026-09-27,2026-09-27,2026-09-27,0,Today,270,15,33.269809,134.202371,56.9,28.099864959716797,copernicus_forecast_thetao_surface,高岡,高岡（NetID 15）,32,21.203427541172395,0.1101938565367832,-0.0102285368926923,0.3316935896873474,0.09877783805131912,0.34608914852935074,1.1401143638067879e-06,copernicus_forecast_surface_current_core_proxy,0.7208388984203344,real_ocean_forecast,Copernicus Marine GLOBAL_ANALYSISFORECAST_PHY_001_024
2026-09-27,2026-09-27,2026-09-27,0,Today,270,16,33.302961,134.204049,83.4,27.83226776123047,copernicus_forecast_thetao_surface,三津,三津（NetID 16）,28,24.79272213737876,-0.1154696236236119,0.0301841073391395,0.16519367694854736,0.0557858869433403,0.17435887154325178,7.085342872414913e-07,copernicus_forecast_surface_current_core_proxy,0.7208388984203344,real_ocean_forecast,Copernicus Marine GLOBAL_ANALYSISFORECAST_PHY_001_024
2026-09-27,2026-09-27,2026-09-27,0,Today,270,17,33.428671,134.243505,50.7,27.57111930847168,copernicus_forecast_thetao_surface,佐喜浜,佐喜浜（NetID 17）,53,33.28361897922316,-0.1654048238291564,-0.0688177441129628,0.03940761834383011,-0.015068563632667065,0.042190306866444,1.8652335711522028e-06,copernicus_forecast_surface_current_core_proxy,0.7208388984203344,real_ocean_forecast,Copernicus Marine GLOBAL_ANALYSISFORECAST_PHY_001_024
2026-09-27,2026-09-27,2026-09-27,0,Today,270,18,33.455525,134.256103,49.3,27.57111930847168,copernicus_forecast_thetao_surface,野根,野根（NetID 18）,12,35.41625378174526,-0.0679850779252412,-0.0460969650676847,0.03940761834383011,-0.015068563632667065,0.042190306866444,1.8652335711522028e-06,copernicus_forecast_surface_current_core_proxy,0.7208388984203344,real_ocean_forecast,Copernicus Marine GLOBAL_ANALYSISFORECAST_PHY_001_024
2026-09-27,2026-09-27,2026-09-27,0,Today,270,19,33.456354,134.256776,49.8,27.57111930847168,copernicus_forecast_thetao_surface,東洋,東洋（NetID 19）,4,35.47360136062874,-0.1720138993506987,-0.1059877880352205,0.03940761834383011,-0.015068563632667065,0.042190306866444,1.8652335711522028e-06,copernicus_forecast_surface_current_core_proxy,0.7208388984203344,real_ocean_forecast,Copernicus Marine GLOBAL_ANALYSISFORECAST_PHY_001_024
2026-09-27,2026-09-27,2026-09-27,0,Today,270,20,33.593837,134.379416,36.1,27.3817195892334,copernicus_forecast_thetao_surface,鞆浦,鞆浦（NetID 20）,1,42.66089936043934,-0.066178577764199,-0.0906268144709379,0.035151947289705276,-0.009737886488437653,0.03647582530279356,-5.613473490484466e-07,copernicus_forecast_surface_current_core_proxy,0.7208388984203344,real_ocean_forecast,Copernicus Marine GLOBAL_ANALYSISFORECAST_PHY_001_024
2026-09-27,2026-09-30,2026-09-30,3,3 days later,273,1,32.793914,132.628975,40.0,27.77252960205078,copernicus_forecast_thetao_surface,一切,一切（NetID 1）,2,37.87118396352829,-0.1001292021929539,-0.6727468356368203,-0.1675979495048523,0.08409715443849564,0.1875137436639864,1.6615978211120819e-06,copernicus_forecast_surface_current_core_proxy,0.6541081070899966,real_ocean_forecast,Copernicus Marine GLOBAL_ANALYSISFORECAST_PHY_001_024
2026-09-27,2026-09-30,2026-09-30,3,3 days later,273,2,32.802579,132.633563,56.0,27.592668533325195,copernicus_forecast_thetao_surface,安満地,安満地（NetID 2）,4,38.49473674243188,0.0950000117451871,-0.4804710318799452,-0.14329838752746582,0.0974602922797203,0.17330013398500382,-5.631185899801494e-07,copernicus_forecast_surface_current_core_proxy,0.6541081070899966,real_ocean_forecast,Copernicus Marine GLOBAL_ANALYSISFORECAST_PHY_001_024
2026-09-27,2026-09-30,2026-09-30,3,3 days later,273,3,32.812774,132.642032,54.7,27.592668533325195,copernicus_forecast_thetao_surface,橘浦,橘浦（NetID 3）,1,39.11961610560914,0.1089873816471426,-0.4755106492947405,-0.14329838752746582,0.0974602922797203,0.17330013398500382,-5.631185899801494e-07,copernicus_forecast_surface_current_core_proxy,0.6541081070899966,real_ocean_forecast,Copernicus Marine GLOBAL_ANALYSISFORECAST_PHY_001_024
2026-09-27,2026-09-30,2026-09-30,3,3 days later,273,4,32.784353,132.703013,40.3,27.77252960205078,copernicus_forecast_thetao_surface,古満目,古満目（NetID 4）,5,33.89182503607091,0.4455729796553364,-0.2336771537877277,-0.1675979495048523,0.08409715443849564,0.1875137436639864,1.6615978211120819e-06,copernicus_forecast_surface_current_core_proxy,0.6541081070899966,real_ocean_forecast,Copernicus Marine GLOBAL_ANALYSISFORECAST_PHY_001_024
2026-09-27,2026-09-30,2026-09-30,3,3 days later,273,5,32.756666,132.822107,42.9,27.8010196685791,copernicus_forecast_thetao_surface,貝の川,貝の川（NetID 5）,3,28.559388193569216,0.3721852378090191,-0.1557156258345112,-0.05373872444033623,0.007416760548949242,0.05424812293079678,-5.013049758417765e-06,copernicus_forecast_surface_current_core_proxy,0.6541081070899966,real_ocean_forecast,Copernicus Marine GLOBAL_ANALYSISFORECAST_PHY_001_024
2026-09-27,2026-09-30,2026-09-30,3,3 days later,273,6,32.797259,132.991236,26.3,27.916654586791992,copernicus_forecast_thetao_surface,以布利,以布利（NetID 6）,88,33.063921339335934,-0.2758326937189084,0.1430234717549655,-0.06562433391809464,0.006742845289409161,0.06596983526423644,-1.0083051165565848e-05,copernicus_forecast_surface_current_core_proxy,0.6541081070899966,real_ocean_forecast,Copernicus Marine GLOBAL_ANALYSISFORECAST_PHY_001_024
2026-09-27,2026-09-30,2026-09-30,3,3 days later,273,7,32.795055,132.985821,21.9,27.916654586791992,copernicus_forecast_thetao_surface,尻貝の浜,尻貝の浜（NetID 7）,2,32.83551126129562,-0.1676966568462163,0.2805019754148821,-0.06562433391809464,0.006742845289409161,0.06596983526423644,-1.0083051165565848e-05,copernicus_forecast_surface_current_core_proxy,0.6541081070899966,real_ocean_forecast,Copernicus Marine GLOBAL_ANALYSISFORECAST_PHY_001_024
2026-09-27,2026-09-30,2026-09-30,3,3 days later,273,8,32.734923,133.029438,42.8,27.909069061279297,copernicus_forecast_thetao_surface,伊佐,伊佐（NetID 8）,5,26.26738008751526,-0.1301938426394092,0.7840162562874162,-0.06319424510002136,-0.05509188771247864,0.08383691731860093,-1.9224291918362724e-06,copernicus_forecast_surface_current_core_proxy,0.6541081070899966,real_ocean_forecast,Copernicus Marine GLOBAL_ANALYSISFORECAST_PHY_001_024
2026-09-27,2026-09-30,2026-09-30,3,3 days later,273,9,33.159542,133.224963,42.0,28.12230682373047,copernicus_forecast_thetao_surface,窪川,窪川（NetID 9）,1,56.49700543205751,-0.0461272787575611,-0.1373299046409654,-0.06638356298208237,0.033194657415151596,0.07422036590522425,-1.1052426089008804e-05,copernicus_forecast_surface_current_core_proxy,0.6541081070899966,real_ocean_forecast,Copernicus Marine GLOBAL_ANALYSISFORECAST_PHY_001_024
2026-09-27,2026-09-30,2026-09-30,3,3 days later,273,10,33.35765,133.337593,6.1,27.949922561645508,copernicus_forecast_thetao_surface,双子,双子（NetID 10）,9,69.82065240281744,-0.054814746444576,-0.0593006529514342,0.01772511936724186,0.039241138845682144,0.0430586441320332,-7.235109933390049e-06,copernicus_forecast_surface_current_core_proxy,0.6541081070899966,real_ocean_forecast,Copernicus Marine GLOBAL_ANALYSISFORECAST_PHY_001_024
2026-09-27,2026-09-30,2026-09-30,3,3 days later,273,11,32.77052,133.019357,47.4,27.909069061279297,copernicus_forecast_thetao_surface,窪津,窪津（NetID 11）,15,29.98716156504673,0.0029461036569393,0.4641244043199263,-0.06319424510002136,-0.05509188771247864,0.08383691731860093,-1.9224291918362724e-06,copernicus_forecast_surface_current_core_proxy,0.6541081070899966,real_ocean_forecast,Copernicus Marine GLOBAL_ANALYSISFORECAST_PHY_001_024
2026-09-27,2026-09-30,2026-09-30,3,3 days later,273,12,33.400017,134.011099,23.7,28.128955841064453,copernicus_forecast_thetao_surface,奈半利,奈半利（NetID 12）,1,38.07035323323101,0.0333297284464152,0.0103727470112074,-0.04250708967447281,-0.009941608645021915,0.04365418943291065,3.127746595055214e-06,copernicus_forecast_surface_current_core_proxy,0.6541081070899966,real_ocean_forecast,Copernicus Marine GLOBAL_ANALYSISFORECAST_PHY_001_024
2026-09-27,2026-09-30,2026-09-30,3,3 days later,273,13,33.360612,134.043999,17.1,28.128955841064453,copernicus_forecast_thetao_surface,羽根,羽根（NetID 13）,2,32.87615265681813,0.0375763532391619,-0.036936808557192,-0.04250708967447281,-0.009941608645021915,0.04365418943291065,3.127746595055214e-06,copernicus_forecast_surface_current_core_proxy,0.6541081070899966,real_ocean_forecast,Copernicus Marine GLOBAL_ANALYSISFORECAST_PHY_001_024
2026-09-27,2026-09-30,2026-09-30,3,3 days later,273,14,33.311308,134.201197,35.8,27.685922622680664,copernicus_forecast_thetao_surface,椎名,椎名（NetID 14）,32,20.241069737546592,-0.106445801931766,0.1129684658183157,0.0848342776298523,0.07510468363761902,0.1133029927463776,-9.551453331368975e-06,copernicus_forecast_surface_current_core_proxy,0.6541081070899966,real_ocean_forecast,Copernicus Marine GLOBAL_ANALYSISFORECAST_PHY_001_024
2026-09-27,2026-09-30,2026-09-30,3,3 days later,273,15,33.269809,134.202371,56.9,27.837444305419922,copernicus_forecast_thetao_surface,高岡,高岡（NetID 15）,32,16.732155036338497,0.1101938565367832,-0.0102285368926923,0.2151063233613968,0.12038493901491165,0.24650205656684043,-1.311743176302116e-07,copernicus_forecast_surface_current_core_proxy,0.6541081070899966,real_ocean_forecast,Copernicus Marine GLOBAL_ANALYSISFORECAST_PHY_001_024
2026-09-27,2026-09-30,2026-09-30,3,3 days later,273,16,33.302961,134.204049,83.4,27.685922622680664,copernicus_forecast_thetao_surface,三津,三津（NetID 16）,28,19.346122407896186,-0.1154696236236119,0.0301841073391395,0.0848342776298523,0.07510468363761902,0.1133029927463776,-9.551453331368975e-06,copernicus_forecast_surface_current_core_proxy,0.6541081070899966,real_ocean_forecast,Copernicus Marine GLOBAL_ANALYSISFORECAST_PHY_001_024
2026-09-27,2026-09-30,2026-09-30,3,3 days later,273,17,33.428671,134.243505,50.7,27.508943557739258,copernicus_forecast_thetao_surface,佐喜浜,佐喜浜（NetID 17）,53,30.305921592776716,-0.1654048238291564,-0.0688177441129628,-0.012551547959446907,0.005452075973153114,0.013684534650302482,-8.41962537379004e-06,copernicus_forecast_surface_current_core_proxy,0.6541081070899966,real_ocean_forecast,Copernicus Marine GLOBAL_ANALYSISFORECAST_PHY_001_024
2026-09-27,2026-09-30,2026-09-30,3,3 days later,273,18,33.455525,134.256103,49.3,27.508943557739258,copernicus_forecast_thetao_surface,野根,野根（NetID 18）,12,32.91127862781786,-0.0679850779252412,-0.0460969650676847,-0.012551547959446907,0.005452075973153114,0.013684534650302482,-8.41962537379004e-06,copernicus_forecast_surface_current_core_proxy,0.6541081070899966,real_ocean_forecast,Copernicus Marine GLOBAL_ANALYSISFORECAST_PHY_001_024
2026-09-27,2026-09-30,2026-09-30,3,3 days later,273,19,33.456354,134.256776,49.8,27.508943557739258,copernicus_forecast_thetao_surface,東洋,東洋（NetID 19）,4,32.98769378482726,-0.1720138993506987,-0.1059877880352205,-0.012551547959446907,0.005452075973153114,0.013684534650302482,-8.41962537379004e-06,copernicus_forecast_surface_current_core_proxy,0.6541081070899966,real_ocean_forecast,Copernicus Marine GLOBAL_ANALYSISFORECAST_PHY_001_024
2026-09-27,2026-09-30,2026-09-30,3,3 days later,273,20,33.593837,134.379416,36.1,27.21670913696289,copernicus_forecast_thetao_surface,鞆浦,鞆浦（NetID 20）,1,42.66089936043934,-0.066178577764199,-0.0906268144709379,-0.01998605765402317,-0.015149476006627083,0.02507885810449327,-6.004991973895812e-06,copernicus_forecast_surface_current_core_proxy,0.6541081070899966,real_ocean_forecast,Copernicus Marine GLOBAL_ANALYSISFORECAST_PHY_001_024
2026-09-27,2026-10-04,2026-10-04,7,7 days later,277,1,32.793914,132.628975,40.0,26.791406631469727,copernicus_forecast_thetao_surface,一切,一切（NetID 1）,2,26.010602112119884,-0.1001292021929539,-0.6727468356368203,0.12737008929252625,-0.1369139850139618,0.1869988741644972,1.1577031727938447e-05,copernicus_forecast_surface_current_core_proxy,0.6503782331943512,real_ocean_forecast,Copernicus Marine GLOBAL_ANALYSISFORECAST_PHY_001_024
2026-09-27,2026-10-04,2026-10-04,7,7 days later,277,2,32.802579,132.633563,56.0,26.802074432373047,copernicus_forecast_thetao_surface,安満地,安満地（NetID 2）,4,26.702961213436154,0.0950000117451871,-0.4804710318799452,0.025490539148449898,-0.16480720043182373,0.166766845926443,7.318496500374749e-06,copernicus_forecast_surface_current_core_proxy,0.6503782331943512,real_ocean_forecast,Copernicus Marine GLOBAL_ANALYSISFORECAST_PHY_001_024
2026-09-27,2026-10-04,2026-10-04,7,7 days later,277,3,32.812774,132.642032,54.7,26.802074432373047,copernicus_forecast_thetao_surface,橘浦,橘浦（NetID 3）,1,27.43997261310749,0.1089873816471426,-0.4755106492947405,0.025490539148449898,-0.16480720043182373,0.166766845926443,7.318496500374749e-06,copernicus_forecast_surface_current_core_proxy,0.6503782331943512,real_ocean_forecast,Copernicus Marine GLOBAL_ANALYSISFORECAST_PHY_001_024
2026-09-27,2026-10-04,2026-10-04,7,7 days later,277,4,32.784353,132.703013,40.3,26.791406631469727,copernicus_forecast_thetao_surface,古満目,古満目（NetID 4）,5,22.780575789481677,0.4455729796553364,-0.2336771537877277,0.12737008929252625,-0.1369139850139618,0.1869988741644972,1.1577031727938447e-05,copernicus_forecast_surface_current_core_proxy,0.6503782331943512,real_ocean_forecast,Copernicus Marine GLOBAL_ANALYSISFORECAST_PHY_001_024
2026-09-27,2026-10-04,2026-10-04,7,7 days later,277,5,32.756666,132.822107,42.9,27.10923957824707,copernicus_forecast_thetao_surface,貝の川,貝の川（NetID 5）,3,19.302133850145285,0.3721852378090191,-0.1557156258345112,0.059640754014253616,-0.07268789410591125,0.09402419629510735,1.3548084098147228e-05,copernicus_forecast_surface_current_core_proxy,0.6503782331943512,real_ocean_forecast,Copernicus Marine GLOBAL_ANALYSISFORECAST_PHY_001_024
2026-09-27,2026-10-04,2026-10-04,7,7 days later,277,6,32.797259,132.991236,26.3,27.5432071685791,copernicus_forecast_thetao_surface,以布利,以布利（NetID 6）,88,23.801333573201266,-0.2758326937189084,0.1430234717549655,-0.09510235488414764,-0.009994872845709324,0.09562612293569293,1.9838366824842524e-06,copernicus_forecast_surface_current_core_proxy,0.6503782331943512,real_ocean_forecast,Copernicus Marine GLOBAL_ANALYSISFORECAST_PHY_001_024
2026-09-27,2026-10-04,2026-10-04,7,7 days later,277,7,32.795055,132.985821,21.9,27.5432071685791,copernicus_forecast_thetao_surface,尻貝の浜,尻貝の浜（NetID 7）,2,23.579489979593944,-0.1676966568462163,0.2805019754148821,-0.09510235488414764,-0.009994872845709324,0.09562612293569293,1.9838366824842524e-06,copernicus_forecast_surface_current_core_proxy,0.6503782331943512,real_ocean_forecast,Copernicus Marine GLOBAL_ANALYSISFORECAST_PHY_001_024
2026-09-27,2026-10-04,2026-10-04,7,7 days later,277,8,32.734923,133.029438,42.8,27.545610427856445,copernicus_forecast_thetao_surface,伊佐,伊佐（NetID 8）,5,17.07953848564772,-0.1301938426394092,0.7840162562874162,-0.16692018508911133,-0.09473689645528793,0.19193078893226884,1.0296497748640832e-05,copernicus_forecast_surface_current_core_proxy,0.6503782331943512,real_ocean_forecast,Copernicus Marine GLOBAL_ANALYSISFORECAST_PHY_001_024
2026-09-27,2026-10-04,2026-10-04,7,7 days later,277,9,33.159542,133.224963,42.0,27.766590118408203,copernicus_forecast_thetao_surface,窪川,窪川（NetID 9）,1,60.5203252515846,-0.0461272787575611,-0.1373299046409654,0.004641225561499596,-0.0237521193921566,0.02420132538378795,-6.138535809441237e-06,copernicus_forecast_surface_current_core_proxy,0.6503782331943512,real_ocean_forecast,Copernicus Marine GLOBAL_ANALYSISFORECAST_PHY_001_024
2026-09-27,2026-10-04,2026-10-04,7,7 days later,277,10,33.35765,133.337593,6.1,27.781200408935547,copernicus_forecast_thetao_surface,双子,双子（NetID 10）,9,77.734695041509,-0.054814746444576,-0.0593006529514342,-0.03973010182380676,-0.06002936512231827,0.07198614913939108,-1.1933079804293811e-06,copernicus_forecast_surface_current_core_proxy,0.6503782331943512,real_ocean_forecast,Copernicus Marine GLOBAL_ANALYSISFORECAST_PHY_001_024
2026-09-27,2026-10-04,2026-10-04,7,7 days later,277,11,32.77052,133.019357,47.4,27.545610427856445,copernicus_forecast_thetao_surface,窪津,窪津（NetID 11）,15,20.892655552619466,0.0029461036569393,0.4641244043199263,-0.16692018508911133,-0.09473689645528793,0.19193078893226884,1.0296497748640832e-05,copernicus_forecast_surface_current_core_proxy,0.6503782331943512,real_ocean_forecast,Copernicus Marine GLOBAL_ANALYSISFORECAST_PHY_001_024
2026-09-27,2026-10-04,2026-10-04,7,7 days later,277,12,33.400017,134.011099,23.7,27.55587387084961,copernicus_forecast_thetao_surface,奈半利,奈半利（NetID 12）,1,39.629526964040224,0.0333297284464152,0.0103727470112074,-0.2641282379627228,0.2110786885023117,0.3381093592747007,3.7438858271343634e-06,copernicus_forecast_surface_current_core_proxy,0.6503782331943512,real_ocean_forecast,Copernicus Marine GLOBAL_ANALYSISFORECAST_PHY_001_024
2026-09-27,2026-10-04,2026-10-04,7,7 days later,277,13,33.360612,134.043999,17.1,27.55587387084961,copernicus_forecast_thetao_surface,羽根,羽根（NetID 13）,2,34.47875575173576,0.0375763532391619,-0.036936808557192,-0.2641282379627228,0.2110786885023117,0.3381093592747007,3.7438858271343634e-06,copernicus_forecast_surface_current_core_proxy,0.6503782331943512,real_ocean_forecast,Copernicus Marine GLOBAL_ANALYSISFORECAST_PHY_001_024
2026-09-27,2026-10-04,2026-10-04,7,7 days later,277,14,33.311308,134.201197,35.8,27.443946838378906,copernicus_forecast_thetao_surface,椎名,椎名（NetID 14）,32,20.241069737546592,-0.106445801931766,0.1129684658183157,-0.01809813268482685,0.080154187977314,0.08217199192535243,-5.530263479158748e-06,copernicus_forecast_surface_current_core_proxy,0.6503782331943512,real_ocean_forecast,Copernicus Marine GLOBAL_ANALYSISFORECAST_PHY_001_024
2026-09-27,2026-10-04,2026-10-04,7,7 days later,277,15,33.269809,134.202371,56.9,27.50591278076172,copernicus_forecast_thetao_surface,高岡,高岡（NetID 15）,32,16.732155036338497,0.1101938565367832,-0.0102285368926923,-0.05438684672117233,0.11846929043531418,0.13035682518579192,1.9776255157921696e-06,copernicus_forecast_surface_current_core_proxy,0.6503782331943512,real_ocean_forecast,Copernicus Marine GLOBAL_ANALYSISFORECAST_PHY_001_024
2026-09-27,2026-10-04,2026-10-04,7,7 days later,277,16,33.302961,134.204049,83.4,27.443946838378906,copernicus_forecast_thetao_surface,三津,三津（NetID 16）,28,19.346122407896186,-0.1154696236236119,0.0301841073391395,-0.01809813268482685,0.080154187977314,0.08217199192535243,-5.530263479158748e-06,copernicus_forecast_surface_current_core_proxy,0.6503782331943512,real_ocean_forecast,Copernicus Marine GLOBAL_ANALYSISFORECAST_PHY_001_024
2026-09-27,2026-10-04,2026-10-04,7,7 days later,277,17,33.428671,134.243505,50.7,27.289608001708984,copernicus_forecast_thetao_surface,佐喜浜,佐喜浜（NetID 17）,53,30.305921592776716,-0.1654048238291564,-0.0688177441129628,-0.03199263662099838,-0.06726112961769104,0.07448213447136892,-6.352363925543614e-06,copernicus_forecast_surface_current_core_proxy,0.6503782331943512,real_ocean_forecast,Copernicus Marine GLOBAL_ANALYSISFORECAST_PHY_001_024
2026-09-27,2026-10-04,2026-10-04,7,7 days later,277,18,33.455525,134.256103,49.3,27.289608001708984,copernicus_forecast_thetao_surface,野根,野根（NetID 18）,12,32.1785004810003,-0.0679850779252412,-0.0460969650676847,-0.03199263662099838,-0.06726112961769104,0.07448213447136892,-6.352363925543614e-06,copernicus_forecast_surface_current_core_proxy,0.6503782331943512,real_ocean_forecast,Copernicus Marine GLOBAL_ANALYSISFORECAST_PHY_001_024
2026-09-27,2026-10-04,2026-10-04,7,7 days later,277,19,33.456354,134.256776,49.8,27.289608001708984,copernicus_forecast_thetao_surface,東洋,東洋（NetID 19）,4,32.20007164050496,-0.1720138993506987,-0.1059877880352205,-0.03199263662099838,-0.06726112961769104,0.07448213447136892,-6.352363925543614e-06,copernicus_forecast_surface_current_core_proxy,0.6503782331943512,real_ocean_forecast,Copernicus Marine GLOBAL_ANALYSISFORECAST_PHY_001_024
2026-09-27,2026-10-04,2026-10-04,7,7 days later,277,20,33.593837,134.379416,36.1,27.091190338134766,copernicus_forecast_thetao_surface,鞆浦,鞆浦（NetID 20）,1,39.359543986400624,-0.066178577764199,-0.0906268144709379,-0.030847806483507156,-0.03759276494383812,0.04862924162442357,1.1036252089979826e-06,copernicus_forecast_surface_current_core_proxy,0.6503782331943512,real_ocean_forecast,Copernicus Marine GLOBAL_ANALYSISFORECAST_PHY_001_024
2026-09-27,2026-10-07,2026-10-07,10,10 days later,280,1,32.793914,132.628975,40.0,25.19499969482422,historical_climatology_by_NetID_and_Jday_window,一切,一切（NetID 1）,2,33.7516556580541,-0.1001292021929539,-0.6727468356368203,,,,,,,seasonal_climatology_fallback,
2026-09-27,2026-10-07,2026-10-07,10,10 days later,280,2,32.802579,132.633563,56.0,25.270000457763672,historical_climatology_by_NetID_and_Jday_window,安満地,安満地（NetID 2）,4,34.48205860216497,0.0950000117451871,-0.4804710318799452,,,,,,,seasonal_climatology_fallback,
2026-09-27,2026-10-07,2026-10-07,10,10 days later,280,3,32.812774,132.642032,54.7,25.26000022888184,historical_climatology_by_NetID_and_Jday_window,橘浦,橘浦（NetID 3）,1,35.23824223858551,0.1089873816471426,-0.4755106492947405,,,,,,,seasonal_climatology_fallback,
2026-09-27,2026-10-07,2026-10-07,10,10 days later,280,4,32.784353,132.703013,40.3,25.209999084472656,historical_climatology_by_NetID_and_Jday_window,古満目,古満目（NetID 4）,5,30.224181574795068,0.4455729796553364,-0.2336771537877277,,,,,,,seasonal_climatology_fallback,
2026-09-27,2026-10-07,2026-10-07,10,10 days later,280,5,32.756666,132.822107,42.9,25.81999969482422,historical_climatology_by_NetID_and_Jday_window,貝の川,貝の川（NetID 5）,3,23.505997529319924,0.3721852378090191,-0.1557156258345112,,,,,,,seasonal_climatology_fallback,
2026-09-27,2026-10-07,2026-10-07,10,10 days later,280,6,32.797259,132.991236,26.3,26.309999465942383,historical_climatology_by_NetID_and_Jday_window,以布利,以布利（NetID 6）,88,22.93690511890454,-0.2758326937189084,0.1430234717549655,,,,,,,seasonal_climatology_fallback,
2026-09-27,2026-10-07,2026-10-07,10,10 days later,280,7,32.795055,132.985821,21.9,25.95499992370605,historical_climatology_by_NetID_and_Jday_window,尻貝の浜,尻貝の浜（NetID 7）,2,22.820611196308544,-0.1676966568462163,0.2805019754148821,,,,,,,seasonal_climatology_fallback,
2026-09-27,2026-10-07,2026-10-07,10,10 days later,280,8,32.734923,133.029438,42.8,26.22000026702881,historical_climatology_by_NetID_and_Jday_window,伊佐,伊佐（NetID 8）,5,15.36543503496379,-0.1301938426394092,0.7840162562874162,,,,,,,seasonal_climatology_fallback,
2026-09-27,2026-10-07,2026-10-07,10,10 days later,280,9,33.159542,133.224963,42.0,25.63999938964844,historical_climatology_by_NetID_and_Jday_window,窪川,窪川（NetID 9）,1,45.24988356925527,-0.0461272787575611,-0.1373299046409654,,,,,,,seasonal_climatology_fallback,
2026-09-27,2026-10-07,2026-10-07,10,10 days later,280,10,33.35765,133.337593,6.1,25.605000495910645,historical_climatology_by_NetID_and_Jday_window,双子,双子（NetID 10）,9,56.29468214275108,-0.054814746444576,-0.0593006529514342,,,,,,,seasonal_climatology_fallback,
2026-09-27,2026-10-07,2026-10-07,10,10 days later,280,11,32.77052,133.019357,47.4,25.5,historical_climatology_by_NetID_and_Jday_window,窪津,窪津（NetID 11）,15,19.43436460883529,0.0029461036569393,0.4641244043199263,,,,,,,seasonal_climatology_fallback,
2026-09-27,2026-10-07,2026-10-07,10,10 days later,280,12,33.400017,134.011099,23.7,25.789999961853027,historical_climatology_by_NetID_and_Jday_window,奈半利,奈半利（NetID 12）,1,27.23900410215357,0.0333297284464152,0.0103727470112074,,,,,,,seasonal_climatology_fallback,
2026-09-27,2026-10-07,2026-10-07,10,10 days later,280,13,33.360612,134.043999,17.1,25.99499988555908,historical_climatology_by_NetID_and_Jday_window,羽根,羽根（NetID 13）,2,21.940810775902285,0.0375763532391619,-0.036936808557192,,,,,,,seasonal_climatology_fallback,
2026-09-27,2026-10-07,2026-10-07,10,10 days later,280,14,33.311308,134.201197,35.8,25.65000057220459,historical_climatology_by_NetID_and_Jday_window,椎名,椎名（NetID 14）,32,8.033209880589972,-0.106445801931766,0.1129684658183157,,,,,,,seasonal_climatology_fallback,
2026-09-27,2026-10-07,2026-10-07,10,10 days later,280,15,33.269809,134.202371,56.9,25.460000038146973,historical_climatology_by_NetID_and_Jday_window,高岡,高岡（NetID 15）,32,4.564004735950315,0.1101938565367832,-0.0102285368926923,,,,,,,seasonal_climatology_fallback,
2026-09-27,2026-10-07,2026-10-07,10,10 days later,280,16,33.302961,134.204049,83.4,25.98500061035156,historical_climatology_by_NetID_and_Jday_window,三津,三津（NetID 16）,28,7.191473676253833,-0.1154696236236119,0.0301841073391395,,,,,,,seasonal_climatology_fallback,
2026-09-27,2026-10-07,2026-10-07,10,10 days later,280,17,33.428671,134.243505,50.7,26.229999542236328,historical_climatology_by_NetID_and_Jday_window,佐喜浜,佐喜浜（NetID 17）,53,15.098564435899997,-0.1654048238291564,-0.0688177441129628,,,,,,,seasonal_climatology_fallback,
2026-09-27,2026-10-07,2026-10-07,10,10 days later,280,18,33.455525,134.256103,49.3,25.64999961853028,historical_climatology_by_NetID_and_Jday_window,野根,野根（NetID 18）,12,16.614116253454174,-0.0679850779252412,-0.0460969650676847,,,,,,,seasonal_climatology_fallback,
2026-09-27,2026-10-07,2026-10-07,10,10 days later,280,19,33.456354,134.256776,49.8,25.399999618530277,historical_climatology_by_NetID_and_Jday_window,東洋,東洋（NetID 19）,4,16.644408385378007,-0.1720138993506987,-0.1059877880352205,,,,,,,seasonal_climatology_fallback,
2026-09-27,2026-10-07,2026-10-07,10,10 days later,280,20,33.593837,134.379416,36.1,26.26000022888184,historical_climatology_by_NetID_and_Jday_window,鞆浦,鞆浦（NetID 20）,1,22.453184412290536,-0.066178577764199,-0.0906268144709379,,,,,,,seasonal_climatology_fallback,
2026-09-27,2026-10-11,2026-10-11,14,14 days later,284,1,32.793914,132.628975,40.0,25.06999969482422,historical_climatology_by_NetID_and_Jday_window,一切,一切（NetID 1）,2,33.7516556580541,-0.1001292021929539,-0.6727468356368203,,,,,,,seasonal_climatology_fallback,
2026-09-27,2026-10-11,2026-10-11,14,14 days later,284,2,32.802579,132.633563,56.0,25.095000267028805,historical_climatology_by_NetID_and_Jday_window,安満地,安満地（NetID 2）,4,34.48205860216497,0.0950000117451871,-0.4804710318799452,,,,,,,seasonal_climatology_fallback,
2026-09-27,2026-10-11,2026-10-11,14,14 days later,284,3,32.812774,132.642032,54.7,25.05500030517578,historical_climatology_by_NetID_and_Jday_window,橘浦,橘浦（NetID 3）,1,35.23824223858551,0.1089873816471426,-0.4755106492947405,,,,,,,seasonal_climatology_fallback,
2026-09-27,2026-10-11,2026-10-11,14,14 days later,284,4,32.784353,132.703013,40.3,25.209999084472656,historical_climatology_by_NetID_and_Jday_window,古満目,古満目（NetID 4）,5,30.224181574795068,0.4455729796553364,-0.2336771537877277,,,,,,,seasonal_climatology_fallback,
2026-09-27,2026-10-11,2026-10-11,14,14 days later,284,5,32.756666,132.822107,42.9,25.81999969482422,historical_climatology_by_NetID_and_Jday_window,貝の川,貝の川（NetID 5）,3,23.505997529319924,0.3721852378090191,-0.1557156258345112,,,,,,,seasonal_climatology_fallback,
2026-09-27,2026-10-11,2026-10-11,14,14 days later,284,6,32.797259,132.991236,26.3,25.614999771118164,historical_climatology_by_NetID_and_Jday_window,以布利,以布利（NetID 6）,88,22.93690511890454,-0.2758326937189084,0.1430234717549655,,,,,,,seasonal_climatology_fallback,
2026-09-27,2026-10-11,2026-10-11,14,14 days later,284,7,32.795055,132.985821,21.9,25.45499992370605,historical_climatology_by_NetID_and_Jday_window,尻貝の浜,尻貝の浜（NetID 7）,2,22.820611196308544,-0.1676966568462163,0.2805019754148821,,,,,,,seasonal_climatology_fallback,
2026-09-27,2026-10-11,2026-10-11,14,14 days later,284,8,32.734923,133.029438,42.8,25.6200008392334,historical_climatology_by_NetID_and_Jday_window,伊佐,伊佐（NetID 8）,5,15.36543503496379,-0.1301938426394092,0.7840162562874162,,,,,,,seasonal_climatology_fallback,
2026-09-27,2026-10-11,2026-10-11,14,14 days later,284,9,33.159542,133.224963,42.0,25.38999938964844,historical_climatology_by_NetID_and_Jday_window,窪川,窪川（NetID 9）,1,45.24988356925527,-0.0461272787575611,-0.1373299046409654,,,,,,,seasonal_climatology_fallback,
2026-09-27,2026-10-11,2026-10-11,14,14 days later,284,10,33.35765,133.337593,6.1,25.59500026702881,historical_climatology_by_NetID_and_Jday_window,双子,双子（NetID 10）,9,56.29468214275108,-0.054814746444576,-0.0593006529514342,,,,,,,seasonal_climatology_fallback,
2026-09-27,2026-10-11,2026-10-11,14,14 days later,284,11,32.77052,133.019357,47.4,25.13999938964844,historical_climatology_by_NetID_and_Jday_window,窪津,窪津（NetID 11）,15,19.43436460883529,0.0029461036569393,0.4641244043199263,,,,,,,seasonal_climatology_fallback,
2026-09-27,2026-10-11,2026-10-11,14,14 days later,284,12,33.400017,134.011099,23.7,25.76499938964844,historical_climatology_by_NetID_and_Jday_window,奈半利,奈半利（NetID 12）,1,27.23900410215357,0.0333297284464152,0.0103727470112074,,,,,,,seasonal_climatology_fallback,
2026-09-27,2026-10-11,2026-10-11,14,14 days later,284,13,33.360612,134.043999,17.1,25.49499988555908,historical_climatology_by_NetID_and_Jday_window,羽根,羽根（NetID 13）,2,21.940810775902285,0.0375763532391619,-0.036936808557192,,,,,,,seasonal_climatology_fallback,
2026-09-27,2026-10-11,2026-10-11,14,14 days later,284,14,33.311308,134.201197,35.8,25.61000061035156,historical_climatology_by_NetID_and_Jday_window,椎名,椎名（NetID 14）,32,8.033209880589972,-0.106445801931766,0.1129684658183157,,,,,,,seasonal_climatology_fallback,
2026-09-27,2026-10-11,2026-10-11,14,14 days later,284,15,33.269809,134.202371,56.9,25.404999732971195,historical_climatology_by_NetID_and_Jday_window,高岡,高岡（NetID 15）,32,4.564004735950315,0.1101938565367832,-0.0102285368926923,,,,,,,seasonal_climatology_fallback,
2026-09-27,2026-10-11,2026-10-11,14,14 days later,284,16,33.302961,134.204049,83.4,25.65999984741211,historical_climatology_by_NetID_and_Jday_window,三津,三津（NetID 16）,28,7.191473676253833,-0.1154696236236119,0.0301841073391395,,,,,,,seasonal_climatology_fallback,
2026-09-27,2026-10-11,2026-10-11,14,14 days later,284,17,33.428671,134.243505,50.7,25.27500057220459,historical_climatology_by_NetID_and_Jday_window,佐喜浜,佐喜浜（NetID 17）,53,15.098564435899997,-0.1654048238291564,-0.0688177441129628,,,,,,,seasonal_climatology_fallback,
2026-09-27,2026-10-11,2026-10-11,14,14 days later,284,18,33.455525,134.256103,49.3,25.48499965667725,historical_climatology_by_NetID_and_Jday_window,野根,野根（NetID 18）,12,16.614116253454174,-0.0679850779252412,-0.0460969650676847,,,,,,,seasonal_climatology_fallback,
2026-09-27,2026-10-11,2026-10-11,14,14 days later,284,19,33.456354,134.256776,49.8,25.399999618530277,historical_climatology_by_NetID_and_Jday_window,東洋,東洋（NetID 19）,4,16.644408385378007,-0.1720138993506987,-0.1059877880352205,,,,,,,seasonal_climatology_fallback,
2026-09-27,2026-10-11,2026-10-11,14,14 days later,284,20,33.593837,134.379416,36.1,26.11000061035156,historical_climatology_by_NetID_and_Jday_window,鞆浦,鞆浦（NetID 20）,1,22.453184412290536,-0.066178577764199,-0.0906268144709379,,,,,,,seasonal_climatology_fallback,
2026-09-27,2026-10-27,2026-10-27,30,30 days later,300,1,32.793914,132.628975,40.0,24.030000686645508,historical_climatology_by_NetID_and_Jday_window,一切,一切（NetID 1）,2,33.7516556580541,-0.1001292021929539,-0.6727468356368203,,,,,,,seasonal_climatology_fallback,
2026-09-27,2026-10-27,2026-10-27,30,30 days later,300,2,32.802579,132.633563,56.0,24.399999618530277,historical_climatology_by_NetID_and_Jday_window,安満地,安満地（NetID 2）,4,34.48205860216497,0.0950000117451871,-0.4804710318799452,,,,,,,seasonal_climatology_fallback,
2026-09-27,2026-10-27,2026-10-27,30,30 days later,300,3,32.812774,132.642032,54.7,23.864999771118164,historical_climatology_by_NetID_and_Jday_window,橘浦,橘浦（NetID 3）,1,35.23824223858551,0.1089873816471426,-0.4755106492947405,,,,,,,seasonal_climatology_fallback,
2026-09-27,2026-10-27,2026-10-27,30,30 days later,300,4,32.784353,132.703013,40.3,24.335000038146973,historical_climatology_by_NetID_and_Jday_window,古満目,古満目（NetID 4）,5,30.224181574795068,0.4455729796553364,-0.2336771537877277,,,,,,,seasonal_climatology_fallback,
2026-09-27,2026-10-27,2026-10-27,30,30 days later,300,5,32.756666,132.822107,42.9,24.86999988555909,historical_climatology_by_NetID_and_Jday_window,貝の川,貝の川（NetID 5）,3,23.505997529319924,0.3721852378090191,-0.1557156258345112,,,,,,,seasonal_climatology_fallback,
2026-09-27,2026-10-27,2026-10-27,30,30 days later,300,6,32.797259,132.991236,26.3,24.40999984741211,historical_climatology_by_NetID_and_Jday_window,以布利,以布利（NetID 6）,88,22.93690511890454,-0.2758326937189084,0.1430234717549655,,,,,,,seasonal_climatology_fallback,
2026-09-27,2026-10-27,2026-10-27,30,30 days later,300,7,32.795055,132.985821,21.9,24.48499965667725,historical_climatology_by_NetID_and_Jday_window,尻貝の浜,尻貝の浜（NetID 7）,2,22.820611196308544,-0.1676966568462163,0.2805019754148821,,,,,,,seasonal_climatology_fallback,
2026-09-27,2026-10-27,2026-10-27,30,30 days later,300,8,32.734923,133.029438,42.8,25.440000534057617,historical_climatology_by_NetID_and_Jday_window,伊佐,伊佐（NetID 8）,5,15.36543503496379,-0.1301938426394092,0.7840162562874162,,,,,,,seasonal_climatology_fallback,
2026-09-27,2026-10-27,2026-10-27,30,30 days later,300,9,33.159542,133.224963,42.0,25.160000801086422,historical_climatology_by_NetID_and_Jday_window,窪川,窪川（NetID 9）,1,45.24988356925527,-0.0461272787575611,-0.1373299046409654,,,,,,,seasonal_climatology_fallback,
2026-09-27,2026-10-27,2026-10-27,30,30 days later,300,10,33.35765,133.337593,6.1,24.07999992370605,historical_climatology_by_NetID_and_Jday_window,双子,双子（NetID 10）,9,56.29468214275108,-0.054814746444576,-0.0593006529514342,,,,,,,seasonal_climatology_fallback,
2026-09-27,2026-10-27,2026-10-27,30,30 days later,300,11,32.77052,133.019357,47.4,24.89999961853028,historical_climatology_by_NetID_and_Jday_window,窪津,窪津（NetID 11）,15,19.43436460883529,0.0029461036569393,0.4641244043199263,,,,,,,seasonal_climatology_fallback,
2026-09-27,2026-10-27,2026-10-27,30,30 days later,300,12,33.400017,134.011099,23.7,24.0600004196167,historical_climatology_by_NetID_and_Jday_window,奈半利,奈半利（NetID 12）,1,27.23900410215357,0.0333297284464152,0.0103727470112074,,,,,,,seasonal_climatology_fallback,
2026-09-27,2026-10-27,2026-10-27,30,30 days later,300,13,33.360612,134.043999,17.1,24.270000457763672,historical_climatology_by_NetID_and_Jday_window,羽根,羽根（NetID 13）,2,21.940810775902285,0.0375763532391619,-0.036936808557192,,,,,,,seasonal_climatology_fallback,
2026-09-27,2026-10-27,2026-10-27,30,30 days later,300,14,33.311308,134.201197,35.8,24.50500011444092,historical_climatology_by_NetID_and_Jday_window,椎名,椎名（NetID 14）,32,8.033209880589972,-0.106445801931766,0.1129684658183157,,,,,,,seasonal_climatology_fallback,
2026-09-27,2026-10-27,2026-10-27,30,30 days later,300,15,33.269809,134.202371,56.9,24.804999351501465,historical_climatology_by_NetID_and_Jday_window,高岡,高岡（NetID 15）,32,4.564004735950315,0.1101938565367832,-0.0102285368926923,,,,,,,seasonal_climatology_fallback,
2026-09-27,2026-10-27,2026-10-27,30,30 days later,300,16,33.302961,134.204049,83.4,24.394999504089363,historical_climatology_by_NetID_and_Jday_window,三津,三津（NetID 16）,28,7.191473676253833,-0.1154696236236119,0.0301841073391395,,,,,,,seasonal_climatology_fallback,
2026-09-27,2026-10-27,2026-10-27,30,30 days later,300,17,33.428671,134.243505,50.7,24.86000061035156,historical_climatology_by_NetID_and_Jday_window,佐喜浜,佐喜浜（NetID 17）,53,15.098564435899997,-0.1654048238291564,-0.0688177441129628,,,,,,,seasonal_climatology_fallback,
2026-09-27,2026-10-27,2026-10-27,30,30 days later,300,18,33.455525,134.256103,49.3,24.289999961853027,historical_climatology_by_NetID_and_Jday_window,野根,野根（NetID 18）,12,16.614116253454174,-0.0679850779252412,-0.0460969650676847,,,,,,,seasonal_climatology_fallback,
2026-09-27,2026-10-27,2026-10-27,30,30 days later,300,19,33.456354,134.256776,49.8,24.69500064849853,historical_climatology_by_NetID_and_Jday_window,東洋,東洋（NetID 19）,4,16.644408385378007,-0.1720138993506987,-0.1059877880352205,,,,,,,seasonal_climatology_fallback,
2026-09-27,2026-10-27,2026-10-27,30,30 days later,300,20,33.593837,134.379416,36.1,23.809999465942383,historical_climatology_by_NetID_and_Jday_window,鞆浦,鞆浦（NetID 20）,1,22.453184412290536,-0.066178577764199,-0.0906268144709379,,,,,,,seasonal_climatology_fallback,
