Year,NetID,Latitude,Longitude,depth_m,GEBCO_old_m,depth_JEGG500_IDW_m,JEGG_quality,net_name,net_label,date,target_date,Jday,SST,SST_climatology,SST_anomaly,core_risk,core_percentile,Month,core_risk_class,relative_risk_percentile,relative_risk_class,period_label,model_main,forecast_ocean_mode,ocean_forecast_source,note
2016,16,33.302961,134.204049,83.4,60,83.4,A,三津,三津 / NetID 16,2016-07-01,2016-07-01,168,23.840638074468085,23.75230245023976,0.08833562422832376,0.3534399684573804,0.9059058671824629,NA,Very high,0.9059058671824629,Very high,2016,GAM: cyclic Jday + SST anomaly + J-EGG500 IDW depth,historical_oisst_yearly_mean,NOAA OISST historical,Yearly mean of fixed-reference relative percentiles; not an absolute probability.
2016,17,33.428671,134.243505,50.7,45,50.7,A,佐喜浜,佐喜浜 / NetID 17,2016-07-01,2016-07-01,168,23.840638074468085,23.75230245023976,0.08833562422832376,0.2829562217041759,0.8724790457769181,NA,High,0.8724790457769181,High,2016,GAM: cyclic Jday + SST anomaly + J-EGG500 IDW depth,historical_oisst_yearly_mean,NOAA OISST historical,Yearly mean of fixed-reference relative percentiles; not an absolute probability.
2016,19,33.456354,134.256776,49.8,40,49.8,A,東洋,東洋 / NetID 19,2016-07-01,2016-07-01,168,23.812978521276595,23.75230245023976,0.06067607103683418,0.2777845830394969,0.8703610573823339,NA,High,0.8703610573823339,High,2016,GAM: cyclic Jday + SST anomaly + J-EGG500 IDW depth,historical_oisst_yearly_mean,NOAA OISST historical,Yearly mean of fixed-reference relative percentiles; not an absolute probability.
2016,18,33.455525,134.256103,49.3,44,49.3,A,野根,野根 / NetID 18,2016-07-01,2016-07-01,168,23.812978521276595,23.75230245023976,0.06067607103683418,0.2717977725562024,0.8668181818181818,NA,High,0.8668181818181818,High,2016,GAM: cyclic Jday + SST anomaly + J-EGG500 IDW depth,historical_oisst_yearly_mean,NOAA OISST historical,Yearly mean of fixed-reference relative percentiles; not an absolute probability.
2016,14,33.311308,134.201197,35.8,30,35.8,A,椎名,椎名 / NetID 14,2016-07-01,2016-07-01,168,23.840638074468085,23.75230245023976,0.08833562422832376,0.2557293793182568,0.8568085106382979,NA,High,0.8568085106382979,High,2016,GAM: cyclic Jday + SST anomaly + J-EGG500 IDW depth,historical_oisst_yearly_mean,NOAA OISST historical,Yearly mean of fixed-reference relative percentiles; not an absolute probability.
2016,11,32.77052,133.019357,47.4,28,47.4,B,窪津,窪津 / NetID 11,2016-07-01,2016-07-01,168,24.418829468085107,23.75230245023976,0.666527017845345,0.23831649685546197,0.8470954223081882,NA,High,0.8470954223081882,High,2016,GAM: cyclic Jday + SST anomaly + J-EGG500 IDW depth,historical_oisst_yearly_mean,NOAA OISST historical,Yearly mean of fixed-reference relative percentiles; not an absolute probability.
2016,3,32.812774,132.642032,54.7,44,54.7,A,橘浦,橘浦 / NetID 3,2016-07-01,2016-07-01,168,23.819254989361703,23.75230245023976,0.06695253912194077,0.23326967400255383,0.8441360412637008,NA,High,0.8441360412637008,High,2016,GAM: cyclic Jday + SST anomaly + J-EGG500 IDW depth,historical_oisst_yearly_mean,NOAA OISST historical,Yearly mean of fixed-reference relative percentiles; not an absolute probability.
2016,2,32.802579,132.633563,56,41,56,C,安満地,安満地 / NetID 2,2016-07-01,2016-07-01,168,23.819254989361703,23.75230245023976,0.06695253912194077,0.21589954705373857,0.831795615731786,NA,High,0.831795615731786,High,2016,GAM: cyclic Jday + SST anomaly + J-EGG500 IDW depth,historical_oisst_yearly_mean,NOAA OISST historical,Yearly mean of fixed-reference relative percentiles; not an absolute probability.
2016,15,33.269809,134.202371,56.9,47,56.9,A,高岡,高岡 / NetID 15,2016-07-01,2016-07-01,168,23.840638074468085,23.75230245023976,0.08833562422832376,0.2090161239024007,0.8246292714377821,NA,High,0.8246292714377821,High,2016,GAM: cyclic Jday + SST anomaly + J-EGG500 IDW depth,historical_oisst_yearly_mean,NOAA OISST historical,Yearly mean of fixed-reference relative percentiles; not an absolute probability.
2016,20,33.593837,134.379416,36.1,33,36.1,A,鞆浦,鞆浦 / NetID 20,2016-07-01,2016-07-01,168,23.31925495744681,23.75230245023976,-0.43304749279295324,0.2071306436172193,0.8241424887169568,NA,High,0.8241424887169568,High,2016,GAM: cyclic Jday + SST anomaly + J-EGG500 IDW depth,historical_oisst_yearly_mean,NOAA OISST historical,Yearly mean of fixed-reference relative percentiles; not an absolute probability.
2016,10,33.35765,133.337593,6.1,19,6.1,A,双子,双子 / NetID 10,2016-07-01,2016-07-01,168,23.644148585106382,23.75230245023976,-0.10815386513337848,0.1461198615986426,0.7724274661508704,NA,High,0.7724274661508704,High,2016,GAM: cyclic Jday + SST anomaly + J-EGG500 IDW depth,historical_oisst_yearly_mean,NOAA OISST historical,Yearly mean of fixed-reference relative percentiles; not an absolute probability.
2016,12,33.400017,134.011099,23.7,26,23.7,A,奈半利,奈半利 / NetID 12,2016-07-01,2016-07-01,168,23.840638074468085,23.75230245023976,0.08833562422832376,0.09178230346368622,0.7034880722114765,NA,Moderate,0.7034880722114765,Moderate,2016,GAM: cyclic Jday + SST anomaly + J-EGG500 IDW depth,historical_oisst_yearly_mean,NOAA OISST historical,Yearly mean of fixed-reference relative percentiles; not an absolute probability.
2016,8,32.734923,133.029438,42.8,49,42.8,A,伊佐,伊佐 / NetID 8,2016-07-01,2016-07-01,168,25.096701882978724,23.75230245023976,1.344399432738962,0.08248096488640157,0.6896292714377821,NA,Moderate,0.6896292714377821,Moderate,2016,GAM: cyclic Jday + SST anomaly + J-EGG500 IDW depth,historical_oisst_yearly_mean,NOAA OISST historical,Yearly mean of fixed-reference relative percentiles; not an absolute probability.
2016,9,33.159542,133.224963,42,34,42,A,窪川,窪川 / NetID 9,2016-07-01,2016-07-01,168,23.96829764893617,23.75230245023976,0.21599519869640885,0.057136896189502455,0.6331044487427466,NA,Moderate,0.6331044487427466,Moderate,2016,GAM: cyclic Jday + SST anomaly + J-EGG500 IDW depth,historical_oisst_yearly_mean,NOAA OISST historical,Yearly mean of fixed-reference relative percentiles; not an absolute probability.
2016,1,32.793914,132.628975,40,30,40,A,一切,一切 / NetID 1,2016-07-01,2016-07-01,168,23.819254989361703,23.75230245023976,0.06695253912194077,0.04990219579777704,0.6130786589297228,NA,Moderate,0.6130786589297228,Moderate,2016,GAM: cyclic Jday + SST anomaly + J-EGG500 IDW depth,historical_oisst_yearly_mean,NOAA OISST historical,Yearly mean of fixed-reference relative percentiles; not an absolute probability.
2016,4,32.784353,132.703013,40.3,45,40.3,B,古満目,古満目 / NetID 4,2016-07-01,2016-07-01,168,23.819254989361703,23.75230245023976,0.06695253912194077,0.048439506688963685,0.6081850419084461,NA,Moderate,0.6081850419084461,Moderate,2016,GAM: cyclic Jday + SST anomaly + J-EGG500 IDW depth,historical_oisst_yearly_mean,NOAA OISST historical,Yearly mean of fixed-reference relative percentiles; not an absolute probability.
2016,13,33.360612,134.043999,17.1,23,17.1,A,羽根,羽根 / NetID 13,2016-07-01,2016-07-01,168,23.840638074468085,23.75230245023976,0.08833562422832376,0.03155856523894946,0.5372791747259832,NA,Moderate,0.5372791747259832,Moderate,2016,GAM: cyclic Jday + SST anomaly + J-EGG500 IDW depth,historical_oisst_yearly_mean,NOAA OISST historical,Yearly mean of fixed-reference relative percentiles; not an absolute probability.
2017,16,33.302961,134.204049,83.4,60,83.4,A,三津,三津 / NetID 16,2017-07-01,2017-07-01,212,26.201205319148936,25.88232910223176,0.3188762169171737,0.2884102831686728,0.8604964539007093,NA,High,0.8604964539007093,High,2017,GAM: cyclic Jday + SST anomaly + J-EGG500 IDW depth,historical_oisst_yearly_mean,NOAA OISST historical,Yearly mean of fixed-reference relative percentiles; not an absolute probability.
2017,17,33.428671,134.243505,50.7,45,50.7,A,佐喜浜,佐喜浜 / NetID 17,2017-07-01,2017-07-01,212,26.201205319148936,25.88232910223176,0.3188762169171737,0.22865329538857068,0.824233827638083,NA,High,0.824233827638083,High,2017,GAM: cyclic Jday + SST anomaly + J-EGG500 IDW depth,historical_oisst_yearly_mean,NOAA OISST historical,Yearly mean of fixed-reference relative percentiles; not an absolute probability.
2017,19,33.456354,134.256776,49.8,40,49.8,A,東洋,東洋 / NetID 19,2017-07-01,2017-07-01,212,25.99723370921986,25.88232910223176,0.11490460698809565,0.21906064170903794,0.8184504620674834,NA,High,0.8184504620674834,High,2017,GAM: cyclic Jday + SST anomaly + J-EGG500 IDW depth,historical_oisst_yearly_mean,NOAA OISST historical,Yearly mean of fixed-reference relative percentiles; not an absolute probability.
2017,18,33.455525,134.256103,49.3,44,49.3,A,野根,野根 / NetID 18,2017-07-01,2017-07-01,212,25.99723370921986,25.88232910223176,0.11490460698809565,0.2141280769660834,0.8146099290780142,NA,High,0.8146099290780142,High,2017,GAM: cyclic Jday + SST anomaly + J-EGG500 IDW depth,historical_oisst_yearly_mean,NOAA OISST historical,Yearly mean of fixed-reference relative percentiles; not an absolute probability.
2017,14,33.311308,134.201197,35.8,30,35.8,A,椎名,椎名 / NetID 14,2017-07-01,2017-07-01,212,26.201205319148936,25.88232910223176,0.3188762169171737,0.20591459900780912,0.8071308833010961,NA,High,0.8071308833010961,High,2017,GAM: cyclic Jday + SST anomaly + J-EGG500 IDW depth,historical_oisst_yearly_mean,NOAA OISST historical,Yearly mean of fixed-reference relative percentiles; not an absolute probability.
2017,11,32.77052,133.019357,47.4,28,47.4,B,窪津,窪津 / NetID 11,2017-07-01,2017-07-01,212,26.323049382978724,25.88232910223176,0.440720280746961,0.18021062039494898,0.7866645175155813,NA,High,0.7866645175155813,High,2017,GAM: cyclic Jday + SST anomaly + J-EGG500 IDW depth,historical_oisst_yearly_mean,NOAA OISST historical,Yearly mean of fixed-reference relative percentiles; not an absolute probability.
2017,3,32.812774,132.642032,54.7,44,54.7,A,橘浦,橘浦 / NetID 3,2017-07-01,2017-07-01,212,25.469503226950355,25.88232910223176,-0.412825875281408,0.16855805910834912,0.7784526112185687,NA,High,0.7784526112185687,High,2017,GAM: cyclic Jday + SST anomaly + J-EGG500 IDW depth,historical_oisst_yearly_mean,NOAA OISST historical,Yearly mean of fixed-reference relative percentiles; not an absolute probability.
2017,15,33.269809,134.202371,56.9,47,56.9,A,高岡,高岡 / NetID 15,2017-07-01,2017-07-01,212,26.201205319148936,25.88232910223176,0.3188762169171737,0.16730927427915945,0.7726778422523103,NA,High,0.7726778422523103,High,2017,GAM: cyclic Jday + SST anomaly + J-EGG500 IDW depth,historical_oisst_yearly_mean,NOAA OISST historical,Yearly mean of fixed-reference relative percentiles; not an absolute probability.
2017,20,33.593837,134.379416,36.1,33,36.1,A,鞆浦,鞆浦 / NetID 20,2017-07-01,2017-07-01,212,25.54439685106383,25.88232910223176,-0.3379322511679326,0.15900581050045842,0.7705652267354395,NA,High,0.7705652267354395,High,2017,GAM: cyclic Jday + SST anomaly + J-EGG500 IDW depth,historical_oisst_yearly_mean,NOAA OISST historical,Yearly mean of fixed-reference relative percentiles; not an absolute probability.
2017,2,32.802579,132.633563,56,41,56,C,安満地,安満地 / NetID 2,2017-07-01,2017-07-01,212,25.469503226950355,25.88232910223176,-0.412825875281408,0.155324817523124,0.7653664302600472,NA,High,0.7653664302600472,High,2017,GAM: cyclic Jday + SST anomaly + J-EGG500 IDW depth,historical_oisst_yearly_mean,NOAA OISST historical,Yearly mean of fixed-reference relative percentiles; not an absolute probability.
2017,10,33.35765,133.337593,6.1,19,6.1,A,双子,双子 / NetID 10,2017-07-01,2017-07-01,212,26.101063489361703,25.88232910223176,0.2187343871299397,0.11754996116316038,0.7174747474747475,NA,Moderate,0.7174747474747475,Moderate,2017,GAM: cyclic Jday + SST anomaly + J-EGG500 IDW depth,historical_oisst_yearly_mean,NOAA OISST historical,Yearly mean of fixed-reference relative percentiles; not an absolute probability.
2017,12,33.400017,134.011099,23.7,26,23.7,A,奈半利,奈半利 / NetID 12,2017-07-01,2017-07-01,212,26.201205319148936,25.88232910223176,0.3188762169171737,0.07245988670126775,0.642602621964324,NA,Moderate,0.642602621964324,Moderate,2017,GAM: cyclic Jday + SST anomaly + J-EGG500 IDW depth,historical_oisst_yearly_mean,NOAA OISST historical,Yearly mean of fixed-reference relative percentiles; not an absolute probability.
2017,8,32.734923,133.029438,42.8,49,42.8,A,伊佐,伊佐 / NetID 8,2017-07-01,2017-07-01,212,26.665106028368793,25.88232910223176,0.782776926137032,0.05707439977072425,0.6073522458628842,NA,Moderate,0.6073522458628842,Moderate,2017,GAM: cyclic Jday + SST anomaly + J-EGG500 IDW depth,historical_oisst_yearly_mean,NOAA OISST historical,Yearly mean of fixed-reference relative percentiles; not an absolute probability.
2017,9,33.159542,133.224963,42,34,42,A,窪川,窪川 / NetID 9,2017-07-01,2017-07-01,212,26.095673418439716,25.88232910223176,0.21334431620795402,0.043580702954478266,0.5642445733935095,NA,Moderate,0.5642445733935095,Moderate,2017,GAM: cyclic Jday + SST anomaly + J-EGG500 IDW depth,historical_oisst_yearly_mean,NOAA OISST historical,Yearly mean of fixed-reference relative percentiles; not an absolute probability.
2017,1,32.793914,132.628975,40,30,40,A,一切,一切 / NetID 1,2017-07-01,2017-07-01,212,25.469503226950355,25.88232910223176,-0.412825875281408,0.03446985834362579,0.5303567590801633,NA,Moderate,0.5303567590801633,Moderate,2017,GAM: cyclic Jday + SST anomaly + J-EGG500 IDW depth,historical_oisst_yearly_mean,NOAA OISST historical,Yearly mean of fixed-reference relative percentiles; not an absolute probability.
2017,4,32.784353,132.703013,40.3,45,40.3,B,古満目,古満目 / NetID 4,2017-07-01,2017-07-01,212,25.469503226950355,25.88232910223176,-0.412825875281408,0.0334477601931796,0.5256071351816033,NA,Moderate,0.5256071351816033,Moderate,2017,GAM: cyclic Jday + SST anomaly + J-EGG500 IDW depth,historical_oisst_yearly_mean,NOAA OISST historical,Yearly mean of fixed-reference relative percentiles; not an absolute probability.
2017,13,33.360612,134.043999,17.1,23,17.1,A,羽根,羽根 / NetID 13,2017-07-01,2017-07-01,212,26.201205319148936,25.88232910223176,0.3188762169171737,0.024748998038007154,0.4738641736514077,NA,Low,0.4738641736514077,Low,2017,GAM: cyclic Jday + SST anomaly + J-EGG500 IDW depth,historical_oisst_yearly_mean,NOAA OISST historical,Yearly mean of fixed-reference relative percentiles; not an absolute probability.
2018,16,33.302961,134.204049,83.4,60,83.4,A,三津,三津 / NetID 16,2018-07-01,2018-07-01,222,25.073181517045455,25.482504034447068,-0.409322517401612,0.23483298343185596,0.8087982093663912,NA,High,0.8087982093663912,High,2018,GAM: cyclic Jday + SST anomaly + J-EGG500 IDW depth,historical_oisst_yearly_mean,NOAA OISST historical,Yearly mean of fixed-reference relative percentiles; not an absolute probability.
2018,17,33.428671,134.243505,50.7,45,50.7,A,佐喜浜,佐喜浜 / NetID 17,2018-07-01,2018-07-01,222,25.073181517045455,25.482504034447068,-0.409322517401612,0.18479521603267343,0.7681559917355372,NA,High,0.7681559917355372,High,2018,GAM: cyclic Jday + SST anomaly + J-EGG500 IDW depth,historical_oisst_yearly_mean,NOAA OISST historical,Yearly mean of fixed-reference relative percentiles; not an absolute probability.
2018,19,33.456354,134.256776,49.8,40,49.8,A,東洋,東洋 / NetID 19,2018-07-01,2018-07-01,222,24.957215551136365,25.482504034447068,-0.5252884833107029,0.17903377285343586,0.7638154269972451,NA,High,0.7638154269972451,High,2018,GAM: cyclic Jday + SST anomaly + J-EGG500 IDW depth,historical_oisst_yearly_mean,NOAA OISST historical,Yearly mean of fixed-reference relative percentiles; not an absolute probability.
2018,18,33.455525,134.256103,49.3,44,49.3,A,野根,野根 / NetID 18,2018-07-01,2018-07-01,222,24.957215551136365,25.482504034447068,-0.5252884833107029,0.17491507471566717,0.759810606060606,NA,High,0.759810606060606,High,2018,GAM: cyclic Jday + SST anomaly + J-EGG500 IDW depth,historical_oisst_yearly_mean,NOAA OISST historical,Yearly mean of fixed-reference relative percentiles; not an absolute probability.
2018,14,33.311308,134.201197,35.8,30,35.8,A,椎名,椎名 / NetID 14,2018-07-01,2018-07-01,222,25.073181517045455,25.482504034447068,-0.409322517401612,0.16595222279810684,0.749931129476584,NA,Moderate,0.749931129476584,Moderate,2018,GAM: cyclic Jday + SST anomaly + J-EGG500 IDW depth,historical_oisst_yearly_mean,NOAA OISST historical,Yearly mean of fixed-reference relative percentiles; not an absolute probability.
2018,11,32.77052,133.019357,47.4,28,47.4,B,窪津,窪津 / NetID 11,2018-07-01,2018-07-01,222,25.599545113636363,25.482504034447068,0.11704107918929717,0.154419308124872,0.7368095730027548,NA,Moderate,0.7368095730027548,Moderate,2018,GAM: cyclic Jday + SST anomaly + J-EGG500 IDW depth,historical_oisst_yearly_mean,NOAA OISST historical,Yearly mean of fixed-reference relative percentiles; not an absolute probability.
2018,3,32.812774,132.642032,54.7,44,54.7,A,橘浦,橘浦 / NetID 3,2018-07-01,2018-07-01,222,24.97585190909091,25.482504034447068,-0.5066521253561574,0.15135194598789892,0.7332110881542699,NA,Moderate,0.7332110881542699,Moderate,2018,GAM: cyclic Jday + SST anomaly + J-EGG500 IDW depth,historical_oisst_yearly_mean,NOAA OISST historical,Yearly mean of fixed-reference relative percentiles; not an absolute probability.
2018,2,32.802579,132.633563,56,41,56,C,安満地,安満地 / NetID 2,2018-07-01,2018-07-01,222,24.97585190909091,25.482504034447068,-0.5066521253561574,0.1396992501838675,0.7191563360881543,NA,Moderate,0.7191563360881543,Moderate,2018,GAM: cyclic Jday + SST anomaly + J-EGG500 IDW depth,historical_oisst_yearly_mean,NOAA OISST historical,Yearly mean of fixed-reference relative percentiles; not an absolute probability.
2018,20,33.593837,134.379416,36.1,33,36.1,A,鞆浦,鞆浦 / NetID 20,2018-07-01,2018-07-01,222,24.755113329545456,25.482504034447068,-0.7273907049016118,0.13527164813885867,0.7182420798898072,NA,Moderate,0.7182420798898072,Moderate,2018,GAM: cyclic Jday + SST anomaly + J-EGG500 IDW depth,historical_oisst_yearly_mean,NOAA OISST historical,Yearly mean of fixed-reference relative percentiles; not an absolute probability.
2018,15,33.269809,134.202371,56.9,47,56.9,A,高岡,高岡 / NetID 15,2018-07-01,2018-07-01,222,25.073181517045455,25.482504034447068,-0.409322517401612,0.1342021433591526,0.7131353305785124,NA,Moderate,0.7131353305785124,Moderate,2018,GAM: cyclic Jday + SST anomaly + J-EGG500 IDW depth,historical_oisst_yearly_mean,NOAA OISST historical,Yearly mean of fixed-reference relative percentiles; not an absolute probability.
2018,10,33.35765,133.337593,6.1,19,6.1,A,双子,双子 / NetID 10,2018-07-01,2018-07-01,222,25.12846555681818,25.482504034447068,-0.35403847762888463,0.09584563697340415,0.6586260330578513,NA,Moderate,0.6586260330578513,Moderate,2018,GAM: cyclic Jday + SST anomaly + J-EGG500 IDW depth,historical_oisst_yearly_mean,NOAA OISST historical,Yearly mean of fixed-reference relative percentiles; not an absolute probability.
2018,12,33.400017,134.011099,23.7,26,23.7,A,奈半利,奈半利 / NetID 12,2018-07-01,2018-07-01,222,25.073181517045455,25.482504034447068,-0.409322517401612,0.057452479896365524,0.5784848484848485,NA,Moderate,0.5784848484848485,Moderate,2018,GAM: cyclic Jday + SST anomaly + J-EGG500 IDW depth,historical_oisst_yearly_mean,NOAA OISST historical,Yearly mean of fixed-reference relative percentiles; not an absolute probability.
2018,8,32.734923,133.029438,42.8,49,42.8,A,伊佐,伊佐 / NetID 8,2018-07-01,2018-07-01,222,26.106590642045454,25.482504034447068,0.6240866075983879,0.05057112896953695,0.5576773415977961,NA,Moderate,0.5576773415977961,Moderate,2018,GAM: cyclic Jday + SST anomaly + J-EGG500 IDW depth,historical_oisst_yearly_mean,NOAA OISST historical,Yearly mean of fixed-reference relative percentiles; not an absolute probability.
2018,9,33.159542,133.224963,42,34,42,A,窪川,窪川 / NetID 9,2018-07-01,2018-07-01,222,25.272158823863638,25.482504034447068,-0.21034521058343014,0.03643878680045442,0.5067045454545455,NA,Moderate,0.5067045454545455,Moderate,2018,GAM: cyclic Jday + SST anomaly + J-EGG500 IDW depth,historical_oisst_yearly_mean,NOAA OISST historical,Yearly mean of fixed-reference relative percentiles; not an absolute probability.
2018,1,32.793914,132.628975,40,30,40,A,一切,一切 / NetID 1,2018-07-01,2018-07-01,222,24.97585190909091,25.482504034447068,-0.5066521253561574,0.03159365946082559,0.48112603305785123,NA,Low,0.48112603305785123,Low,2018,GAM: cyclic Jday + SST anomaly + J-EGG500 IDW depth,historical_oisst_yearly_mean,NOAA OISST historical,Yearly mean of fixed-reference relative percentiles; not an absolute probability.
2018,4,32.784353,132.703013,40.3,45,40.3,B,古満目,古満目 / NetID 4,2018-07-01,2018-07-01,222,24.97585190909091,25.482504034447068,-0.5066521253561574,0.030662705542278932,0.47639462809917354,NA,Low,0.47639462809917354,Low,2018,GAM: cyclic Jday + SST anomaly + J-EGG500 IDW depth,historical_oisst_yearly_mean,NOAA OISST historical,Yearly mean of fixed-reference relative percentiles; not an absolute probability.
2018,13,33.360612,134.043999,17.1,23,17.1,A,羽根,羽根 / NetID 13,2018-07-01,2018-07-01,222,25.073181517045455,25.482504034447068,-0.409322517401612,0.019509329176721126,0.4077806473829201,NA,Low,0.4077806473829201,Low,2018,GAM: cyclic Jday + SST anomaly + J-EGG500 IDW depth,historical_oisst_yearly_mean,NOAA OISST historical,Yearly mean of fixed-reference relative percentiles; not an absolute probability.
2019,16,33.302961,134.204049,83.4,60,83.4,A,三津,三津 / NetID 16,2019-07-01,2019-07-01,190,25.147272327272727,25.307123590697945,-0.1598512634252187,0.3303719500036294,0.8974517906336088,NA,High,0.8974517906336088,High,2019,GAM: cyclic Jday + SST anomaly + J-EGG500 IDW depth,historical_oisst_yearly_mean,NOAA OISST historical,Yearly mean of fixed-reference relative percentiles; not an absolute probability.
2019,17,33.428671,134.243505,50.7,45,50.7,A,佐喜浜,佐喜浜 / NetID 17,2019-07-01,2019-07-01,190,25.147272327272727,25.307123590697945,-0.1598512634252187,0.2622933223178254,0.8631377410468319,NA,High,0.8631377410468319,High,2019,GAM: cyclic Jday + SST anomaly + J-EGG500 IDW depth,historical_oisst_yearly_mean,NOAA OISST historical,Yearly mean of fixed-reference relative percentiles; not an absolute probability.
2019,19,33.456354,134.256776,49.8,40,49.8,A,東洋,東洋 / NetID 19,2019-07-01,2019-07-01,190,25.047363263636363,25.307123590697945,-0.25976032706158225,0.25507437261944343,0.8593112947658402,NA,High,0.8593112947658402,High,2019,GAM: cyclic Jday + SST anomaly + J-EGG500 IDW depth,historical_oisst_yearly_mean,NOAA OISST historical,Yearly mean of fixed-reference relative percentiles; not an absolute probability.
2019,18,33.455525,134.256103,49.3,44,49.3,A,野根,野根 / NetID 18,2019-07-01,2019-07-01,190,25.047363263636363,25.307123590697945,-0.25976032706158225,0.24938515274405051,0.8556914600550964,NA,High,0.8556914600550964,High,2019,GAM: cyclic Jday + SST anomaly + J-EGG500 IDW depth,historical_oisst_yearly_mean,NOAA OISST historical,Yearly mean of fixed-reference relative percentiles; not an absolute probability.
2019,14,33.311308,134.201197,35.8,30,35.8,A,椎名,椎名 / NetID 14,2019-07-01,2019-07-01,190,25.147272327272727,25.307123590697945,-0.1598512634252187,0.23628943078967773,0.8462617079889807,NA,High,0.8462617079889807,High,2019,GAM: cyclic Jday + SST anomaly + J-EGG500 IDW depth,historical_oisst_yearly_mean,NOAA OISST historical,Yearly mean of fixed-reference relative percentiles; not an absolute probability.
2019,3,32.812774,132.642032,54.7,44,54.7,A,橘浦,橘浦 / NetID 3,2019-07-01,2019-07-01,190,25.034181472727273,25.307123590697945,-0.27294211797067336,0.21596452578350972,0.8310550964187328,NA,High,0.8310550964187328,High,2019,GAM: cyclic Jday + SST anomaly + J-EGG500 IDW depth,historical_oisst_yearly_mean,NOAA OISST historical,Yearly mean of fixed-reference relative percentiles; not an absolute probability.
2019,11,32.77052,133.019357,47.4,28,47.4,B,窪津,窪津 / NetID 11,2019-07-01,2019-07-01,190,25.309908772727272,25.307123590697945,0.002785182029326999,0.21030282167722916,0.8272038567493113,NA,High,0.8272038567493113,High,2019,GAM: cyclic Jday + SST anomaly + J-EGG500 IDW depth,historical_oisst_yearly_mean,NOAA OISST historical,Yearly mean of fixed-reference relative percentiles; not an absolute probability.
2019,20,33.593837,134.379416,36.1,33,36.1,A,鞆浦,鞆浦 / NetID 20,2019-07-01,2019-07-01,190,24.938272463636363,25.307123590697945,-0.3688511270615823,0.19931821075463443,0.8199173553719008,NA,High,0.8199173553719008,High,2019,GAM: cyclic Jday + SST anomaly + J-EGG500 IDW depth,historical_oisst_yearly_mean,NOAA OISST historical,Yearly mean of fixed-reference relative percentiles; not an absolute probability.
2019,2,32.802579,132.633563,56,41,56,C,安満地,安満地 / NetID 2,2019-07-01,2019-07-01,190,25.034181472727273,25.307123590697945,-0.27294211797067336,0.19967313961718447,0.8185977961432507,NA,High,0.8185977961432507,High,2019,GAM: cyclic Jday + SST anomaly + J-EGG500 IDW depth,historical_oisst_yearly_mean,NOAA OISST historical,Yearly mean of fixed-reference relative percentiles; not an absolute probability.
2019,15,33.269809,134.202371,56.9,47,56.9,A,高岡,高岡 / NetID 15,2019-07-01,2019-07-01,190,25.147272327272727,25.307123590697945,-0.1598512634252187,0.19205329591642056,0.8136666666666666,NA,High,0.8136666666666666,High,2019,GAM: cyclic Jday + SST anomaly + J-EGG500 IDW depth,historical_oisst_yearly_mean,NOAA OISST historical,Yearly mean of fixed-reference relative percentiles; not an absolute probability.
2019,10,33.35765,133.337593,6.1,19,6.1,A,双子,双子 / NetID 10,2019-07-01,2019-07-01,190,24.968636027272726,25.307123590697945,-0.33848756342521863,0.13283546504318186,0.7613168044077135,NA,High,0.7613168044077135,High,2019,GAM: cyclic Jday + SST anomaly + J-EGG500 IDW depth,historical_oisst_yearly_mean,NOAA OISST historical,Yearly mean of fixed-reference relative percentiles; not an absolute probability.
2019,12,33.400017,134.011099,23.7,26,23.7,A,奈半利,奈半利 / NetID 12,2019-07-01,2019-07-01,190,25.147272327272727,25.307123590697945,-0.1598512634252187,0.08313969644892884,0.6916170798898071,NA,Moderate,0.6916170798898071,Moderate,2019,GAM: cyclic Jday + SST anomaly + J-EGG500 IDW depth,historical_oisst_yearly_mean,NOAA OISST historical,Yearly mean of fixed-reference relative percentiles; not an absolute probability.
2019,8,32.734923,133.029438,42.8,49,42.8,A,伊佐,伊佐 / NetID 8,2019-07-01,2019-07-01,190,25.792817927272726,25.307123590697945,0.48569433657478156,0.07054763992192507,0.6595840220385675,NA,Moderate,0.6595840220385675,Moderate,2019,GAM: cyclic Jday + SST anomaly + J-EGG500 IDW depth,historical_oisst_yearly_mean,NOAA OISST historical,Yearly mean of fixed-reference relative percentiles; not an absolute probability.
2019,9,33.159542,133.224963,42,34,42,A,窪川,窪川 / NetID 9,2019-07-01,2019-07-01,190,25.046454245454544,25.307123590697945,-0.26066934524340046,0.05010038350561882,0.6119669421487604,NA,Moderate,0.6119669421487604,Moderate,2019,GAM: cyclic Jday + SST anomaly + J-EGG500 IDW depth,historical_oisst_yearly_mean,NOAA OISST historical,Yearly mean of fixed-reference relative percentiles; not an absolute probability.
2019,1,32.793914,132.628975,40,30,40,A,一切,一切 / NetID 1,2019-07-01,2019-07-01,190,25.034181472727273,25.307123590697945,-0.27294211797067336,0.04576425901545191,0.5943553719008264,NA,Moderate,0.5943553719008264,Moderate,2019,GAM: cyclic Jday + SST anomaly + J-EGG500 IDW depth,historical_oisst_yearly_mean,NOAA OISST historical,Yearly mean of fixed-reference relative percentiles; not an absolute probability.
2019,4,32.784353,132.703013,40.3,45,40.3,B,古満目,古満目 / NetID 4,2019-07-01,2019-07-01,190,25.034181472727273,25.307123590697945,-0.27294211797067336,0.04442012700182448,0.5896887052341597,NA,Moderate,0.5896887052341597,Moderate,2019,GAM: cyclic Jday + SST anomaly + J-EGG500 IDW depth,historical_oisst_yearly_mean,NOAA OISST historical,Yearly mean of fixed-reference relative percentiles; not an absolute probability.
2019,13,33.360612,134.043999,17.1,23,17.1,A,羽根,羽根 / NetID 13,2019-07-01,2019-07-01,190,25.147272327272727,25.307123590697945,-0.1598512634252187,0.028371613584830334,0.5211184573002755,NA,Moderate,0.5211184573002755,Moderate,2019,GAM: cyclic Jday + SST anomaly + J-EGG500 IDW depth,historical_oisst_yearly_mean,NOAA OISST historical,Yearly mean of fixed-reference relative percentiles; not an absolute probability.
2020,16,33.302961,134.204049,83.4,60,83.4,A,三津,三津 / NetID 16,2020-07-01,2020-07-01,248,25.536020107142857,25.218746293888135,0.3172738132547213,0.19153921838146767,0.774121830550402,NA,High,0.774121830550402,High,2020,GAM: cyclic Jday + SST anomaly + J-EGG500 IDW depth,historical_oisst_yearly_mean,NOAA OISST historical,Yearly mean of fixed-reference relative percentiles; not an absolute probability.
2020,17,33.428671,134.243505,50.7,45,50.7,A,佐喜浜,佐喜浜 / NetID 17,2020-07-01,2020-07-01,248,25.536020107142857,25.218746293888135,0.3172738132547213,0.14936040416227617,0.73069573283859,NA,Moderate,0.73069573283859,Moderate,2020,GAM: cyclic Jday + SST anomaly + J-EGG500 IDW depth,historical_oisst_yearly_mean,NOAA OISST historical,Yearly mean of fixed-reference relative percentiles; not an absolute probability.
2020,19,33.456354,134.256776,49.8,40,49.8,A,東洋,東洋 / NetID 19,2020-07-01,2020-07-01,248,25.515611964285714,25.218746293888135,0.2968656703975783,0.1469465343575339,0.7279282622139766,NA,Moderate,0.7279282622139766,Moderate,2020,GAM: cyclic Jday + SST anomaly + J-EGG500 IDW depth,historical_oisst_yearly_mean,NOAA OISST historical,Yearly mean of fixed-reference relative percentiles; not an absolute probability.
2020,18,33.455525,134.256103,49.3,44,49.3,A,野根,野根 / NetID 18,2020-07-01,2020-07-01,248,25.515611964285714,25.218746293888135,0.2968656703975783,0.14349564053879876,0.723474025974026,NA,Moderate,0.723474025974026,Moderate,2020,GAM: cyclic Jday + SST anomaly + J-EGG500 IDW depth,historical_oisst_yearly_mean,NOAA OISST historical,Yearly mean of fixed-reference relative percentiles; not an absolute probability.
2020,14,33.311308,134.201197,35.8,30,35.8,A,椎名,椎名 / NetID 14,2020-07-01,2020-07-01,248,25.536020107142857,25.218746293888135,0.3172738132547213,0.13370744804671497,0.7106153370439084,NA,Moderate,0.7106153370439084,Moderate,2020,GAM: cyclic Jday + SST anomaly + J-EGG500 IDW depth,historical_oisst_yearly_mean,NOAA OISST historical,Yearly mean of fixed-reference relative percentiles; not an absolute probability.
2020,11,32.77052,133.019357,47.4,28,47.4,B,窪津,窪津 / NetID 11,2020-07-01,2020-07-01,248,25.507958887755102,25.218746293888135,0.2892125938669661,0.1138344685208854,0.6833101422387137,NA,Moderate,0.6833101422387137,Moderate,2020,GAM: cyclic Jday + SST anomaly + J-EGG500 IDW depth,historical_oisst_yearly_mean,NOAA OISST historical,Yearly mean of fixed-reference relative percentiles; not an absolute probability.
2020,20,33.593837,134.379416,36.1,33,36.1,A,鞆浦,鞆浦 / NetID 20,2020-07-01,2020-07-01,248,25.39714257142857,25.218746293888135,0.17839627754043563,0.11362811041884685,0.6806338899196042,NA,Moderate,0.6806338899196042,Moderate,2020,GAM: cyclic Jday + SST anomaly + J-EGG500 IDW depth,historical_oisst_yearly_mean,NOAA OISST historical,Yearly mean of fixed-reference relative percentiles; not an absolute probability.
2020,3,32.812774,132.642032,54.7,44,54.7,A,橘浦,橘浦 / NetID 3,2020-07-01,2020-07-01,248,24.91938743367347,25.218746293888135,-0.29935886021466634,0.11149439514956207,0.6803061224489796,NA,Moderate,0.6803061224489796,Moderate,2020,GAM: cyclic Jday + SST anomaly + J-EGG500 IDW depth,historical_oisst_yearly_mean,NOAA OISST historical,Yearly mean of fixed-reference relative percentiles; not an absolute probability.
2020,15,33.269809,134.202371,56.9,47,56.9,A,高岡,高岡 / NetID 15,2020-07-01,2020-07-01,248,25.536020107142857,25.218746293888135,0.3172738132547213,0.10758994723238816,0.6720732838589981,NA,Moderate,0.6720732838589981,Moderate,2020,GAM: cyclic Jday + SST anomaly + J-EGG500 IDW depth,historical_oisst_yearly_mean,NOAA OISST historical,Yearly mean of fixed-reference relative percentiles; not an absolute probability.
2020,2,32.802579,132.633563,56,41,56,C,安満地,安満地 / NetID 2,2020-07-01,2020-07-01,248,24.91938743367347,25.218746293888135,-0.29935886021466634,0.10245871534729843,0.6656091527520099,NA,Moderate,0.6656091527520099,Moderate,2020,GAM: cyclic Jday + SST anomaly + J-EGG500 IDW depth,historical_oisst_yearly_mean,NOAA OISST historical,Yearly mean of fixed-reference relative percentiles; not an absolute probability.
2020,10,33.35765,133.337593,6.1,19,6.1,A,双子,双子 / NetID 10,2020-07-01,2020-07-01,248,25.405356846938776,25.218746293888135,0.1866105530506397,0.07483227129102647,0.6104962894248609,NA,Moderate,0.6104962894248609,Moderate,2020,GAM: cyclic Jday + SST anomaly + J-EGG500 IDW depth,historical_oisst_yearly_mean,NOAA OISST historical,Yearly mean of fixed-reference relative percentiles; not an absolute probability.
2020,12,33.400017,134.011099,23.7,26,23.7,A,奈半利,奈半利 / NetID 12,2020-07-01,2020-07-01,248,25.536020107142857,25.218746293888135,0.3172738132547213,0.04559628912608214,0.5332544836116264,NA,Moderate,0.5332544836116264,Moderate,2020,GAM: cyclic Jday + SST anomaly + J-EGG500 IDW depth,historical_oisst_yearly_mean,NOAA OISST historical,Yearly mean of fixed-reference relative percentiles; not an absolute probability.
2020,8,32.734923,133.029438,42.8,49,42.8,A,伊佐,伊佐 / NetID 8,2020-07-01,2020-07-01,248,25.66581600510204,25.218746293888135,0.44706971121390504,0.03403499261219596,0.488469387755102,NA,Low,0.488469387755102,Low,2020,GAM: cyclic Jday + SST anomaly + J-EGG500 IDW depth,historical_oisst_yearly_mean,NOAA OISST historical,Yearly mean of fixed-reference relative percentiles; not an absolute probability.
2020,9,33.159542,133.224963,42,34,42,A,窪川,窪川 / NetID 9,2020-07-01,2020-07-01,248,25.390713908163264,25.218746293888135,0.17196761427512947,0.02690839598922269,0.4505411255411255,NA,Low,0.4505411255411255,Low,2020,GAM: cyclic Jday + SST anomaly + J-EGG500 IDW depth,historical_oisst_yearly_mean,NOAA OISST historical,Yearly mean of fixed-reference relative percentiles; not an absolute probability.
2020,1,32.793914,132.628975,40,30,40,A,一切,一切 / NetID 1,2020-07-01,2020-07-01,248,24.91938743367347,25.218746293888135,-0.29935886021466634,0.022210285591367174,0.4206508967223253,NA,Low,0.4206508967223253,Low,2020,GAM: cyclic Jday + SST anomaly + J-EGG500 IDW depth,historical_oisst_yearly_mean,NOAA OISST historical,Yearly mean of fixed-reference relative percentiles; not an absolute probability.
2020,4,32.784353,132.703013,40.3,45,40.3,B,古満目,古満目 / NetID 4,2020-07-01,2020-07-01,248,24.91938743367347,25.218746293888135,-0.29935886021466634,0.021547654513911583,0.4156648113790971,NA,Low,0.4156648113790971,Low,2020,GAM: cyclic Jday + SST anomaly + J-EGG500 IDW depth,historical_oisst_yearly_mean,NOAA OISST historical,Yearly mean of fixed-reference relative percentiles; not an absolute probability.
2020,13,33.360612,134.043999,17.1,23,17.1,A,羽根,羽根 / NetID 13,2020-07-01,2020-07-01,248,25.536020107142857,25.218746293888135,0.3172738132547213,0.015422281142677248,0.3604220779220779,NA,Low,0.3604220779220779,Low,2020,GAM: cyclic Jday + SST anomaly + J-EGG500 IDW depth,historical_oisst_yearly_mean,NOAA OISST historical,Yearly mean of fixed-reference relative percentiles; not an absolute probability.
2021,16,33.302961,134.204049,83.4,60,83.4,A,三津,三津 / NetID 16,2021-07-01,2021-07-01,152,21.145,22.255313209905676,-1.1103132099056758,0.4160967294579021,0.9469191919191919,NA,Very high,0.9469191919191919,Very high,2021,GAM: cyclic Jday + SST anomaly + J-EGG500 IDW depth,historical_oisst_yearly_mean,NOAA OISST historical,Yearly mean of fixed-reference relative percentiles; not an absolute probability.
2021,17,33.428671,134.243505,50.7,45,50.7,A,佐喜浜,佐喜浜 / NetID 17,2021-07-01,2021-07-01,152,21.145,22.255313209905676,-1.1103132099056758,0.33337853977739523,0.9073232323232323,NA,Very high,0.9073232323232323,Very high,2021,GAM: cyclic Jday + SST anomaly + J-EGG500 IDW depth,historical_oisst_yearly_mean,NOAA OISST historical,Yearly mean of fixed-reference relative percentiles; not an absolute probability.
2021,19,33.456354,134.256776,49.8,40,49.8,A,東洋,東洋 / NetID 19,2021-07-01,2021-07-01,152,21.098332666666668,22.255313209905676,-1.1569805432390095,0.3277696904741593,0.9041919191919192,NA,Very high,0.9041919191919192,Very high,2021,GAM: cyclic Jday + SST anomaly + J-EGG500 IDW depth,historical_oisst_yearly_mean,NOAA OISST historical,Yearly mean of fixed-reference relative percentiles; not an absolute probability.
2021,18,33.455525,134.256103,49.3,44,49.3,A,野根,野根 / NetID 18,2021-07-01,2021-07-01,152,21.098332666666668,22.255313209905676,-1.1569805432390095,0.32070271451575744,0.9006565656565656,NA,Very high,0.9006565656565656,Very high,2021,GAM: cyclic Jday + SST anomaly + J-EGG500 IDW depth,historical_oisst_yearly_mean,NOAA OISST historical,Yearly mean of fixed-reference relative percentiles; not an absolute probability.
2021,3,32.812774,132.642032,54.7,44,54.7,A,橘浦,橘浦 / NetID 3,2021-07-01,2021-07-01,152,22.289999833333333,22.255313209905676,0.034686623427657416,0.32136014822520514,0.9003535353535354,NA,Very high,0.9003535353535354,Very high,2021,GAM: cyclic Jday + SST anomaly + J-EGG500 IDW depth,historical_oisst_yearly_mean,NOAA OISST historical,Yearly mean of fixed-reference relative percentiles; not an absolute probability.
2021,11,32.77052,133.019357,47.4,28,47.4,B,窪津,窪津 / NetID 11,2021-07-01,2021-07-01,152,22.2416665,22.255313209905676,-0.013646709905675772,0.30162345569365545,0.8911111111111111,NA,High,0.8911111111111111,High,2021,GAM: cyclic Jday + SST anomaly + J-EGG500 IDW depth,historical_oisst_yearly_mean,NOAA OISST historical,Yearly mean of fixed-reference relative percentiles; not an absolute probability.
2021,14,33.311308,134.201197,35.8,30,35.8,A,椎名,椎名 / NetID 14,2021-07-01,2021-07-01,152,21.145,22.255313209905676,-1.1103132099056758,0.30108613990643757,0.8903030303030304,NA,High,0.8903030303030304,High,2021,GAM: cyclic Jday + SST anomaly + J-EGG500 IDW depth,historical_oisst_yearly_mean,NOAA OISST historical,Yearly mean of fixed-reference relative percentiles; not an absolute probability.
2021,2,32.802579,132.633563,56,41,56,C,安満地,安満地 / NetID 2,2021-07-01,2021-07-01,152,22.289999833333333,22.255313209905676,0.034686623427657416,0.29871128589715845,0.8890909090909092,NA,High,0.8890909090909092,High,2021,GAM: cyclic Jday + SST anomaly + J-EGG500 IDW depth,historical_oisst_yearly_mean,NOAA OISST historical,Yearly mean of fixed-reference relative percentiles; not an absolute probability.
2021,20,33.593837,134.379416,36.1,33,36.1,A,鞆浦,鞆浦 / NetID 20,2021-07-01,2021-07-01,152,21.438333333333333,22.255313209905676,-0.8169798765723423,0.2733329403061495,0.8774242424242424,NA,High,0.8774242424242424,High,2021,GAM: cyclic Jday + SST anomaly + J-EGG500 IDW depth,historical_oisst_yearly_mean,NOAA OISST historical,Yearly mean of fixed-reference relative percentiles; not an absolute probability.
2021,15,33.269809,134.202371,56.9,47,56.9,A,高岡,高岡 / NetID 15,2021-07-01,2021-07-01,152,21.145,22.255313209905676,-1.1103132099056758,0.24546690332276905,0.8644444444444445,NA,High,0.8644444444444445,High,2021,GAM: cyclic Jday + SST anomaly + J-EGG500 IDW depth,historical_oisst_yearly_mean,NOAA OISST historical,Yearly mean of fixed-reference relative percentiles; not an absolute probability.
2021,10,33.35765,133.337593,6.1,19,6.1,A,双子,双子 / NetID 10,2021-07-01,2021-07-01,152,21.00333283333333,22.255313209905676,-1.2519803765723434,0.17236113967027153,0.8183333333333334,NA,High,0.8183333333333334,High,2021,GAM: cyclic Jday + SST anomaly + J-EGG500 IDW depth,historical_oisst_yearly_mean,NOAA OISST historical,Yearly mean of fixed-reference relative percentiles; not an absolute probability.
2021,8,32.734923,133.029438,42.8,49,42.8,A,伊佐,伊佐 / NetID 8,2021-07-01,2021-07-01,152,23.344999833333333,22.255313209905676,1.0896866234276577,0.11230146612935785,0.7571717171717172,NA,High,0.7571717171717172,High,2021,GAM: cyclic Jday + SST anomaly + J-EGG500 IDW depth,historical_oisst_yearly_mean,NOAA OISST historical,Yearly mean of fixed-reference relative percentiles; not an absolute probability.
2021,12,33.400017,134.011099,23.7,26,23.7,A,奈半利,奈半利 / NetID 12,2021-07-01,2021-07-01,152,21.145,22.255313209905676,-1.1103132099056758,0.10634562579910907,0.7491414141414141,NA,Moderate,0.7491414141414141,Moderate,2021,GAM: cyclic Jday + SST anomaly + J-EGG500 IDW depth,historical_oisst_yearly_mean,NOAA OISST historical,Yearly mean of fixed-reference relative percentiles; not an absolute probability.
2021,1,32.793914,132.628975,40,30,40,A,一切,一切 / NetID 1,2021-07-01,2021-07-01,152,22.289999833333333,22.255313209905676,0.034686623427657416,0.07127073091280973,0.692979797979798,NA,Moderate,0.692979797979798,Moderate,2021,GAM: cyclic Jday + SST anomaly + J-EGG500 IDW depth,historical_oisst_yearly_mean,NOAA OISST historical,Yearly mean of fixed-reference relative percentiles; not an absolute probability.
2021,9,33.159542,133.224963,42,34,42,A,窪川,窪川 / NetID 9,2021-07-01,2021-07-01,152,21.54999983333333,22.255313209905676,-0.7053133765723434,0.0697556061139498,0.6904040404040404,NA,Moderate,0.6904040404040404,Moderate,2021,GAM: cyclic Jday + SST anomaly + J-EGG500 IDW depth,historical_oisst_yearly_mean,NOAA OISST historical,Yearly mean of fixed-reference relative percentiles; not an absolute probability.
2021,4,32.784353,132.703013,40.3,45,40.3,B,古満目,古満目 / NetID 4,2021-07-01,2021-07-01,152,22.289999833333333,22.255313209905676,0.034686623427657416,0.06919577429653953,0.689040404040404,NA,Moderate,0.689040404040404,Moderate,2021,GAM: cyclic Jday + SST anomaly + J-EGG500 IDW depth,historical_oisst_yearly_mean,NOAA OISST historical,Yearly mean of fixed-reference relative percentiles; not an absolute probability.
2021,13,33.360612,134.043999,17.1,23,17.1,A,羽根,羽根 / NetID 13,2021-07-01,2021-07-01,152,21.145,22.255313209905676,-1.1103132099056758,0.036175417751412225,0.5952525252525253,NA,Moderate,0.5952525252525253,Moderate,2021,GAM: cyclic Jday + SST anomaly + J-EGG500 IDW depth,historical_oisst_yearly_mean,NOAA OISST historical,Yearly mean of fixed-reference relative percentiles; not an absolute probability.
2022,16,33.302961,134.204049,83.4,60,83.4,A,三津,三津 / NetID 16,2022-07-01,2022-07-01,250,25.701581295918366,25.200512490075944,0.5010688058424224,0.19842303140700196,0.7710667903525047,NA,High,0.7710667903525047,High,2022,GAM: cyclic Jday + SST anomaly + J-EGG500 IDW depth,historical_oisst_yearly_mean,NOAA OISST historical,Yearly mean of fixed-reference relative percentiles; not an absolute probability.
2022,17,33.428671,134.243505,50.7,45,50.7,A,佐喜浜,佐喜浜 / NetID 17,2022-07-01,2022-07-01,250,25.701581295918366,25.200512490075944,0.5010688058424224,0.15506520695614726,0.726756338899196,NA,Moderate,0.726756338899196,Moderate,2022,GAM: cyclic Jday + SST anomaly + J-EGG500 IDW depth,historical_oisst_yearly_mean,NOAA OISST historical,Yearly mean of fixed-reference relative percentiles; not an absolute probability.
2022,19,33.456354,134.256776,49.8,40,49.8,A,東洋,東洋 / NetID 19,2022-07-01,2022-07-01,250,25.62846904591837,25.200512490075944,0.4279565558424225,0.15096292432574934,0.7229684601113172,NA,Moderate,0.7229684601113172,Moderate,2022,GAM: cyclic Jday + SST anomaly + J-EGG500 IDW depth,historical_oisst_yearly_mean,NOAA OISST historical,Yearly mean of fixed-reference relative percentiles; not an absolute probability.
2022,18,33.455525,134.256103,49.3,44,49.3,A,野根,野根 / NetID 18,2022-07-01,2022-07-01,250,25.62846904591837,25.200512490075944,0.4279565558424225,0.1474230776490735,0.718682745825603,NA,Moderate,0.718682745825603,Moderate,2022,GAM: cyclic Jday + SST anomaly + J-EGG500 IDW depth,historical_oisst_yearly_mean,NOAA OISST historical,Yearly mean of fixed-reference relative percentiles; not an absolute probability.
2022,14,33.311308,134.201197,35.8,30,35.8,A,椎名,椎名 / NetID 14,2022-07-01,2022-07-01,250,25.701581295918366,25.200512490075944,0.5010688058424224,0.13888441559962172,0.7071072974644403,NA,Moderate,0.7071072974644403,Moderate,2022,GAM: cyclic Jday + SST anomaly + J-EGG500 IDW depth,historical_oisst_yearly_mean,NOAA OISST historical,Yearly mean of fixed-reference relative percentiles; not an absolute probability.
2022,11,32.77052,133.019357,47.4,28,47.4,B,窪津,窪津 / NetID 11,2022-07-01,2022-07-01,250,25.86357112755102,25.200512490075944,0.6630586374750754,0.1222201845714932,0.6846289424860853,NA,Moderate,0.6846289424860853,Moderate,2022,GAM: cyclic Jday + SST anomaly + J-EGG500 IDW depth,historical_oisst_yearly_mean,NOAA OISST historical,Yearly mean of fixed-reference relative percentiles; not an absolute probability.
2022,3,32.812774,132.642032,54.7,44,54.7,A,橘浦,橘浦 / NetID 3,2022-07-01,2022-07-01,250,25.335611974489797,25.200512490075944,0.13509948441385103,0.12001373871534421,0.6833457019171305,NA,Moderate,0.6833457019171305,Moderate,2022,GAM: cyclic Jday + SST anomaly + J-EGG500 IDW depth,historical_oisst_yearly_mean,NOAA OISST historical,Yearly mean of fixed-reference relative percentiles; not an absolute probability.
2022,20,33.593837,134.379416,36.1,33,36.1,A,鞆浦,鞆浦 / NetID 20,2022-07-01,2022-07-01,250,25.436530295918367,25.200512490075944,0.2360178058424222,0.11452533136927386,0.674930426716141,NA,Moderate,0.674930426716141,Moderate,2022,GAM: cyclic Jday + SST anomaly + J-EGG500 IDW depth,historical_oisst_yearly_mean,NOAA OISST historical,Yearly mean of fixed-reference relative percentiles; not an absolute probability.
2022,2,32.802579,132.633563,56,41,56,C,安満地,安満地 / NetID 2,2022-07-01,2022-07-01,250,25.335611974489797,25.200512490075944,0.13509948441385103,0.11041770516997038,0.669004329004329,NA,Moderate,0.669004329004329,Moderate,2022,GAM: cyclic Jday + SST anomaly + J-EGG500 IDW depth,historical_oisst_yearly_mean,NOAA OISST historical,Yearly mean of fixed-reference relative percentiles; not an absolute probability.
2022,15,33.269809,134.202371,56.9,47,56.9,A,高岡,高岡 / NetID 15,2022-07-01,2022-07-01,250,25.701581295918366,25.200512490075944,0.5010688058424224,0.11180113619419738,0.6688559059987631,NA,Moderate,0.6688559059987631,Moderate,2022,GAM: cyclic Jday + SST anomaly + J-EGG500 IDW depth,historical_oisst_yearly_mean,NOAA OISST historical,Yearly mean of fixed-reference relative percentiles; not an absolute probability.
2022,10,33.35765,133.337593,6.1,19,6.1,A,双子,双子 / NetID 10,2022-07-01,2022-07-01,250,25.752601729591838,25.200512490075944,0.5520892395158917,0.08110141020222632,0.6133101422387137,NA,Moderate,0.6133101422387137,Moderate,2022,GAM: cyclic Jday + SST anomaly + J-EGG500 IDW depth,historical_oisst_yearly_mean,NOAA OISST historical,Yearly mean of fixed-reference relative percentiles; not an absolute probability.
2022,12,33.400017,134.011099,23.7,26,23.7,A,奈半利,奈半利 / NetID 12,2022-07-01,2022-07-01,250,25.701581295918366,25.200512490075944,0.5010688058424224,0.047301604436462356,0.5326267779839209,NA,Moderate,0.5326267779839209,Moderate,2022,GAM: cyclic Jday + SST anomaly + J-EGG500 IDW depth,historical_oisst_yearly_mean,NOAA OISST historical,Yearly mean of fixed-reference relative percentiles; not an absolute probability.
2022,8,32.734923,133.029438,42.8,49,42.8,A,伊佐,伊佐 / NetID 8,2022-07-01,2022-07-01,250,26.03132625,25.200512490075944,0.830813759924055,0.03710937623609398,0.4927504638218924,NA,Low,0.4927504638218924,Low,2022,GAM: cyclic Jday + SST anomaly + J-EGG500 IDW depth,historical_oisst_yearly_mean,NOAA OISST historical,Yearly mean of fixed-reference relative percentiles; not an absolute probability.
2022,9,33.159542,133.224963,42,34,42,A,窪川,窪川 / NetID 9,2022-07-01,2022-07-01,250,25.75147925,25.200512490075944,0.550966759924055,0.02912659555458809,0.45500154607297466,NA,Low,0.45500154607297466,Low,2022,GAM: cyclic Jday + SST anomaly + J-EGG500 IDW depth,historical_oisst_yearly_mean,NOAA OISST historical,Yearly mean of fixed-reference relative percentiles; not an absolute probability.
2022,1,32.793914,132.628975,40,30,40,A,一切,一切 / NetID 1,2022-07-01,2022-07-01,250,25.335611974489797,25.200512490075944,0.13509948441385103,0.02416604518634159,0.42640847247990105,NA,Low,0.42640847247990105,Low,2022,GAM: cyclic Jday + SST anomaly + J-EGG500 IDW depth,historical_oisst_yearly_mean,NOAA OISST historical,Yearly mean of fixed-reference relative percentiles; not an absolute probability.
2022,4,32.784353,132.703013,40.3,45,40.3,B,古満目,古満目 / NetID 4,2022-07-01,2022-07-01,250,25.335611974489797,25.200512490075944,0.13509948441385103,0.023446741203195356,0.42145021645021646,NA,Low,0.42145021645021646,Low,2022,GAM: cyclic Jday + SST anomaly + J-EGG500 IDW depth,historical_oisst_yearly_mean,NOAA OISST historical,Yearly mean of fixed-reference relative percentiles; not an absolute probability.
2022,13,33.360612,134.043999,17.1,23,17.1,A,羽根,羽根 / NetID 13,2022-07-01,2022-07-01,250,25.701581295918366,25.200512490075944,0.5010688058424224,0.01596011812058194,0.3616264687693259,NA,Low,0.3616264687693259,Low,2022,GAM: cyclic Jday + SST anomaly + J-EGG500 IDW depth,historical_oisst_yearly_mean,NOAA OISST historical,Yearly mean of fixed-reference relative percentiles; not an absolute probability.
2023,16,33.302961,134.204049,83.4,60,83.4,A,三津,三津 / NetID 16,2023-07-01,2023-07-01,175,23.485362057971013,24.261732954214892,-0.7763708962438793,0.37026605658186396,0.922068511198946,NA,Very high,0.922068511198946,Very high,2023,GAM: cyclic Jday + SST anomaly + J-EGG500 IDW depth,historical_oisst_yearly_mean,NOAA OISST historical,Yearly mean of fixed-reference relative percentiles; not an absolute probability.
2023,17,33.428671,134.243505,50.7,45,50.7,A,佐喜浜,佐喜浜 / NetID 17,2023-07-01,2023-07-01,175,23.485362057971013,24.261732954214892,-0.7763708962438793,0.29426000891732634,0.8872859025032938,NA,High,0.8872859025032938,High,2023,GAM: cyclic Jday + SST anomaly + J-EGG500 IDW depth,historical_oisst_yearly_mean,NOAA OISST historical,Yearly mean of fixed-reference relative percentiles; not an absolute probability.
2023,19,33.456354,134.256776,49.8,40,49.8,A,東洋,東洋 / NetID 19,2023-07-01,2023-07-01,175,23.398405550724636,24.261732954214892,-0.8633274034902563,0.28852319778399366,0.8839613526570048,NA,High,0.8839613526570048,High,2023,GAM: cyclic Jday + SST anomaly + J-EGG500 IDW depth,historical_oisst_yearly_mean,NOAA OISST historical,Yearly mean of fixed-reference relative percentiles; not an absolute probability.
2023,18,33.455525,134.256103,49.3,44,49.3,A,野根,野根 / NetID 18,2023-07-01,2023-07-01,175,23.398405550724636,24.261732954214892,-0.8633274034902563,0.28214206521433804,0.8803732981993851,NA,High,0.8803732981993851,High,2023,GAM: cyclic Jday + SST anomaly + J-EGG500 IDW depth,historical_oisst_yearly_mean,NOAA OISST historical,Yearly mean of fixed-reference relative percentiles; not an absolute probability.
2023,14,33.311308,134.201197,35.8,30,35.8,A,椎名,椎名 / NetID 14,2023-07-01,2023-07-01,175,23.485362057971013,24.261732954214892,-0.7763708962438793,0.26502483881155714,0.8706192358366271,NA,High,0.8706192358366271,High,2023,GAM: cyclic Jday + SST anomaly + J-EGG500 IDW depth,historical_oisst_yearly_mean,NOAA OISST historical,Yearly mean of fixed-reference relative percentiles; not an absolute probability.
2023,3,32.812774,132.642032,54.7,44,54.7,A,橘浦,橘浦 / NetID 3,2023-07-01,2023-07-01,175,23.475796811594204,24.261732954214892,-0.7859361426206912,0.24362900506492202,0.8581818181818182,NA,High,0.8581818181818182,High,2023,GAM: cyclic Jday + SST anomaly + J-EGG500 IDW depth,historical_oisst_yearly_mean,NOAA OISST historical,Yearly mean of fixed-reference relative percentiles; not an absolute probability.
2023,11,32.77052,133.019357,47.4,28,47.4,B,窪津,窪津 / NetID 11,2023-07-01,2023-07-01,175,23.889709855072464,24.261732954214892,-0.3720230991424298,0.24239747837934897,0.8568686868686869,NA,High,0.8568686868686869,High,2023,GAM: cyclic Jday + SST anomaly + J-EGG500 IDW depth,historical_oisst_yearly_mean,NOAA OISST historical,Yearly mean of fixed-reference relative percentiles; not an absolute probability.
2023,2,32.802579,132.633563,56,41,56,C,安満地,安満地 / NetID 2,2023-07-01,2023-07-01,175,23.475796811594204,24.261732954214892,-0.7859361426206912,0.22505220663417616,0.8465876152832674,NA,High,0.8465876152832674,High,2023,GAM: cyclic Jday + SST anomaly + J-EGG500 IDW depth,historical_oisst_yearly_mean,NOAA OISST historical,Yearly mean of fixed-reference relative percentiles; not an absolute probability.
2023,15,33.269809,134.202371,56.9,47,56.9,A,高岡,高岡 / NetID 15,2023-07-01,2023-07-01,175,23.485362057971013,24.261732954214892,-0.7763708962438793,0.21515350780695033,0.8401361440491876,NA,High,0.8401361440491876,High,2023,GAM: cyclic Jday + SST anomaly + J-EGG500 IDW depth,historical_oisst_yearly_mean,NOAA OISST historical,Yearly mean of fixed-reference relative percentiles; not an absolute probability.
2023,20,33.593837,134.379416,36.1,33,36.1,A,鞆浦,鞆浦 / NetID 20,2023-07-01,2023-07-01,175,22.988115695652173,24.261732954214892,-1.2736172585627201,0.21743497791745847,0.8393763724198506,NA,High,0.8393763724198506,High,2023,GAM: cyclic Jday + SST anomaly + J-EGG500 IDW depth,historical_oisst_yearly_mean,NOAA OISST historical,Yearly mean of fixed-reference relative percentiles; not an absolute probability.
2023,10,33.35765,133.337593,6.1,19,6.1,A,双子,双子 / NetID 10,2023-07-01,2023-07-01,175,23.681304101449275,24.261732954214892,-0.5804288527656188,0.15685399765693428,0.7981686429512517,NA,High,0.7981686429512517,High,2023,GAM: cyclic Jday + SST anomaly + J-EGG500 IDW depth,historical_oisst_yearly_mean,NOAA OISST historical,Yearly mean of fixed-reference relative percentiles; not an absolute probability.
2023,12,33.400017,134.011099,23.7,26,23.7,A,奈半利,奈半利 / NetID 12,2023-07-01,2023-07-01,175,23.485362057971013,24.261732954214892,-0.7763708962438793,0.0924759078346824,0.7218752744839702,NA,Moderate,0.7218752744839702,Moderate,2023,GAM: cyclic Jday + SST anomaly + J-EGG500 IDW depth,historical_oisst_yearly_mean,NOAA OISST historical,Yearly mean of fixed-reference relative percentiles; not an absolute probability.
2023,8,32.734923,133.029438,42.8,49,42.8,A,伊佐,伊佐 / NetID 8,2023-07-01,2023-07-01,175,24.391159188405798,24.261732954214892,0.1294262341909029,0.07962191283178398,0.6999604743083004,NA,Moderate,0.6999604743083004,Moderate,2023,GAM: cyclic Jday + SST anomaly + J-EGG500 IDW depth,historical_oisst_yearly_mean,NOAA OISST historical,Yearly mean of fixed-reference relative percentiles; not an absolute probability.
2023,9,33.159542,133.224963,42,34,42,A,窪川,窪川 / NetID 9,2023-07-01,2023-07-01,175,23.644782333333332,24.261732954214892,-0.6169506208815607,0.05786331597499168,0.6548440931049627,NA,Moderate,0.6548440931049627,Moderate,2023,GAM: cyclic Jday + SST anomaly + J-EGG500 IDW depth,historical_oisst_yearly_mean,NOAA OISST historical,Yearly mean of fixed-reference relative percentiles; not an absolute probability.
2023,1,32.793914,132.628975,40,30,40,A,一切,一切 / NetID 1,2023-07-01,2023-07-01,175,23.475796811594204,24.261732954214892,-0.7859361426206912,0.05073196759939762,0.6345278875713658,NA,Moderate,0.6345278875713658,Moderate,2023,GAM: cyclic Jday + SST anomaly + J-EGG500 IDW depth,historical_oisst_yearly_mean,NOAA OISST historical,Yearly mean of fixed-reference relative percentiles; not an absolute probability.
2023,4,32.784353,132.703013,40.3,45,40.3,B,古満目,古満目 / NetID 4,2023-07-01,2023-07-01,175,23.475796811594204,24.261732954214892,-0.7859361426206912,0.049231558671363876,0.6298858146684233,NA,Moderate,0.6298858146684233,Moderate,2023,GAM: cyclic Jday + SST anomaly + J-EGG500 IDW depth,historical_oisst_yearly_mean,NOAA OISST historical,Yearly mean of fixed-reference relative percentiles; not an absolute probability.
2023,13,33.360612,134.043999,17.1,23,17.1,A,羽根,羽根 / NetID 13,2023-07-01,2023-07-01,175,23.485362057971013,24.261732954214892,-0.7763708962438793,0.031374033349931496,0.5584057971014493,NA,Moderate,0.5584057971014493,Moderate,2023,GAM: cyclic Jday + SST anomaly + J-EGG500 IDW depth,historical_oisst_yearly_mean,NOAA OISST historical,Yearly mean of fixed-reference relative percentiles; not an absolute probability.
2024,16,33.302961,134.204049,83.4,60,83.4,A,三津,三津 / NetID 16,2024-07-01,2024-07-01,215,25.62413763546798,24.89452089536737,0.7296167401006076,0.23237802956027484,0.8218301238990894,NA,High,0.8218301238990894,High,2024,GAM: cyclic Jday + SST anomaly + J-EGG500 IDW depth,historical_oisst_yearly_mean,NOAA OISST historical,Yearly mean of fixed-reference relative percentiles; not an absolute probability.
2024,17,33.428671,134.243505,50.7,45,50.7,A,佐喜浜,佐喜浜 / NetID 17,2024-07-01,2024-07-01,215,25.62413763546798,24.89452089536737,0.7296167401006076,0.18102780939897473,0.781812210777728,NA,High,0.781812210777728,High,2024,GAM: cyclic Jday + SST anomaly + J-EGG500 IDW depth,historical_oisst_yearly_mean,NOAA OISST historical,Yearly mean of fixed-reference relative percentiles; not an absolute probability.
2024,19,33.456354,134.256776,49.8,40,49.8,A,東洋,東洋 / NetID 19,2024-07-01,2024-07-01,215,25.422659709359607,24.89452089536737,0.5281388139922334,0.17418193748676164,0.7751022540677713,NA,High,0.7751022540677713,High,2024,GAM: cyclic Jday + SST anomaly + J-EGG500 IDW depth,historical_oisst_yearly_mean,NOAA OISST historical,Yearly mean of fixed-reference relative percentiles; not an absolute probability.
2024,18,33.455525,134.256103,49.3,44,49.3,A,野根,野根 / NetID 18,2024-07-01,2024-07-01,215,25.422659709359607,24.89452089536737,0.5281388139922334,0.1700350986288643,0.7710240334378266,NA,High,0.7710240334378266,High,2024,GAM: cyclic Jday + SST anomaly + J-EGG500 IDW depth,historical_oisst_yearly_mean,NOAA OISST historical,Yearly mean of fixed-reference relative percentiles; not an absolute probability.
2024,14,33.311308,134.201197,35.8,30,35.8,A,椎名,椎名 / NetID 14,2024-07-01,2024-07-01,215,25.62413763546798,24.89452089536737,0.7296167401006076,0.16190793850502597,0.7633228840125392,NA,High,0.7633228840125392,High,2024,GAM: cyclic Jday + SST anomaly + J-EGG500 IDW depth,historical_oisst_yearly_mean,NOAA OISST historical,Yearly mean of fixed-reference relative percentiles; not an absolute probability.
2024,11,32.77052,133.019357,47.4,28,47.4,B,窪津,窪津 / NetID 11,2024-07-01,2024-07-01,215,25.939063743842365,24.89452089536737,1.044542848474992,0.1470343345374735,0.7453978205702344,NA,Moderate,0.7453978205702344,Moderate,2024,GAM: cyclic Jday + SST anomaly + J-EGG500 IDW depth,historical_oisst_yearly_mean,NOAA OISST historical,Yearly mean of fixed-reference relative percentiles; not an absolute probability.
2024,3,32.812774,132.642032,54.7,44,54.7,A,橘浦,橘浦 / NetID 3,2024-07-01,2024-07-01,215,25.41596032512315,24.89452089536737,0.5214394297557801,0.14559858141866985,0.7441528586356173,NA,Moderate,0.7441528586356173,Moderate,2024,GAM: cyclic Jday + SST anomaly + J-EGG500 IDW depth,historical_oisst_yearly_mean,NOAA OISST historical,Yearly mean of fixed-reference relative percentiles; not an absolute probability.
2024,2,32.802579,132.633563,56,41,56,C,安満地,安満地 / NetID 2,2024-07-01,2024-07-01,215,25.41596032512315,24.89452089536737,0.5214394297557801,0.1340391517369046,0.7300626959247649,NA,Moderate,0.7300626959247649,Moderate,2024,GAM: cyclic Jday + SST anomaly + J-EGG500 IDW depth,historical_oisst_yearly_mean,NOAA OISST historical,Yearly mean of fixed-reference relative percentiles; not an absolute probability.
2024,15,33.269809,134.202371,56.9,47,56.9,A,高岡,高岡 / NetID 15,2024-07-01,2024-07-01,215,25.62413763546798,24.89452089536737,0.7296167401006076,0.12999012951918282,0.726926406926407,NA,Moderate,0.726926406926407,Moderate,2024,GAM: cyclic Jday + SST anomaly + J-EGG500 IDW depth,historical_oisst_yearly_mean,NOAA OISST historical,Yearly mean of fixed-reference relative percentiles; not an absolute probability.
2024,20,33.593837,134.379416,36.1,33,36.1,A,鞆浦,鞆浦 / NetID 20,2024-07-01,2024-07-01,215,25.122561206896552,24.89452089536737,0.2280403115291791,0.13034606310455976,0.7265756082997462,NA,Moderate,0.7265756082997462,Moderate,2024,GAM: cyclic Jday + SST anomaly + J-EGG500 IDW depth,historical_oisst_yearly_mean,NOAA OISST historical,Yearly mean of fixed-reference relative percentiles; not an absolute probability.
2024,10,33.35765,133.337593,6.1,19,6.1,A,双子,双子 / NetID 10,2024-07-01,2024-07-01,215,25.80586169458128,24.89452089536737,0.9113407992139081,0.09525896187518375,0.6758471413643827,NA,Moderate,0.6758471413643827,Moderate,2024,GAM: cyclic Jday + SST anomaly + J-EGG500 IDW depth,historical_oisst_yearly_mean,NOAA OISST historical,Yearly mean of fixed-reference relative percentiles; not an absolute probability.
2024,12,33.400017,134.011099,23.7,26,23.7,A,奈半利,奈半利 / NetID 12,2024-07-01,2024-07-01,215,25.62413763546798,24.89452089536737,0.7296167401006076,0.05458361849544687,0.590119420809076,NA,Moderate,0.590119420809076,Moderate,2024,GAM: cyclic Jday + SST anomaly + J-EGG500 IDW depth,historical_oisst_yearly_mean,NOAA OISST historical,Yearly mean of fixed-reference relative percentiles; not an absolute probability.
2024,8,32.734923,133.029438,42.8,49,42.8,A,伊佐,伊佐 / NetID 8,2024-07-01,2024-07-01,215,26.520344418719212,24.89452089536737,1.625823523351839,0.049244738489219696,0.565005224660397,NA,Moderate,0.565005224660397,Moderate,2024,GAM: cyclic Jday + SST anomaly + J-EGG500 IDW depth,historical_oisst_yearly_mean,NOAA OISST historical,Yearly mean of fixed-reference relative percentiles; not an absolute probability.
2024,9,33.159542,133.224963,42,34,42,A,窪川,窪川 / NetID 9,2024-07-01,2024-07-01,215,25.685861763546797,24.89452089536737,0.7913408681794253,0.03382426589239521,0.5157307060755336,NA,Moderate,0.5157307060755336,Moderate,2024,GAM: cyclic Jday + SST anomaly + J-EGG500 IDW depth,historical_oisst_yearly_mean,NOAA OISST historical,Yearly mean of fixed-reference relative percentiles; not an absolute probability.
2024,1,32.793914,132.628975,40,30,40,A,一切,一切 / NetID 1,2024-07-01,2024-07-01,215,25.41596032512315,24.89452089536737,0.5214394297557801,0.029536086358876938,0.4916763696074041,NA,Low,0.4916763696074041,Low,2024,GAM: cyclic Jday + SST anomaly + J-EGG500 IDW depth,historical_oisst_yearly_mean,NOAA OISST historical,Yearly mean of fixed-reference relative percentiles; not an absolute probability.
2024,4,32.784353,132.703013,40.3,45,40.3,B,古満目,古満目 / NetID 4,2024-07-01,2024-07-01,215,25.41596032512315,24.89452089536737,0.5214394297557801,0.028658977040406257,0.48666368114643976,NA,Low,0.48666368114643976,Low,2024,GAM: cyclic Jday + SST anomaly + J-EGG500 IDW depth,historical_oisst_yearly_mean,NOAA OISST historical,Yearly mean of fixed-reference relative percentiles; not an absolute probability.
2024,13,33.360612,134.043999,17.1,23,17.1,A,羽根,羽根 / NetID 13,2024-07-01,2024-07-01,215,25.62413763546798,24.89452089536737,0.7296167401006076,0.018339958768082445,0.41912076429317807,NA,Low,0.41912076429317807,Low,2024,GAM: cyclic Jday + SST anomaly + J-EGG500 IDW depth,historical_oisst_yearly_mean,NOAA OISST historical,Yearly mean of fixed-reference relative percentiles; not an absolute probability.
2026,16,33.302961,134.204049,83.4,60,83.4,A,三津,三津 / NetID 16,2026-07-01,2026-07-01,132,21.929545227272726,20.785570419306683,1.1439748079660423,0.22398417109021954,0.8434297520661157,NA,High,0.8434297520661157,High,2026,GAM: cyclic Jday + SST anomaly + J-EGG500 IDW depth,historical_oisst_yearly_mean,NOAA OISST historical,Yearly mean of fixed-reference relative percentiles; not an absolute probability.
2026,17,33.428671,134.243505,50.7,45,50.7,A,佐喜浜,佐喜浜 / NetID 17,2026-07-01,2026-07-01,132,21.929545227272726,20.785570419306683,1.1439748079660423,0.17049243684206117,0.8023140495867769,NA,High,0.8023140495867769,High,2026,GAM: cyclic Jday + SST anomaly + J-EGG500 IDW depth,historical_oisst_yearly_mean,NOAA OISST historical,Yearly mean of fixed-reference relative percentiles; not an absolute probability.
2026,19,33.456354,134.256776,49.8,40,49.8,A,東洋,東洋 / NetID 19,2026-07-01,2026-07-01,132,21.82454531818182,20.785570419306683,1.0389748988751337,0.16537759676752625,0.7980853994490358,NA,High,0.7980853994490358,High,2026,GAM: cyclic Jday + SST anomaly + J-EGG500 IDW depth,historical_oisst_yearly_mean,NOAA OISST historical,Yearly mean of fixed-reference relative percentiles; not an absolute probability.
2026,18,33.455525,134.256103,49.3,44,49.3,A,野根,野根 / NetID 18,2026-07-01,2026-07-01,132,21.82454531818182,20.785570419306683,1.0389748988751337,0.16112348587408873,0.7946143250688705,NA,High,0.7946143250688705,High,2026,GAM: cyclic Jday + SST anomaly + J-EGG500 IDW depth,historical_oisst_yearly_mean,NOAA OISST historical,Yearly mean of fixed-reference relative percentiles; not an absolute probability.
2026,14,33.311308,134.201197,35.8,30,35.8,A,椎名,椎名 / NetID 14,2026-07-01,2026-07-01,132,21.929545227272726,20.785570419306683,1.1439748079660423,0.15110074120331127,0.7856060606060606,NA,High,0.7856060606060606,High,2026,GAM: cyclic Jday + SST anomaly + J-EGG500 IDW depth,historical_oisst_yearly_mean,NOAA OISST historical,Yearly mean of fixed-reference relative percentiles; not an absolute probability.
2026,11,32.77052,133.019357,47.4,28,47.4,B,窪津,窪津 / NetID 11,2026-07-01,2026-07-01,132,22.112272545454545,20.785570419306683,1.3267021261478609,0.13147147382230248,0.7660192837465565,NA,High,0.7660192837465565,High,2026,GAM: cyclic Jday + SST anomaly + J-EGG500 IDW depth,historical_oisst_yearly_mean,NOAA OISST historical,Yearly mean of fixed-reference relative percentiles; not an absolute probability.
2026,3,32.812774,132.642032,54.7,44,54.7,A,橘浦,橘浦 / NetID 3,2026-07-01,2026-07-01,132,21.631818045454544,20.785570419306683,0.8462476261478608,0.13197066379063782,0.7654820936639118,NA,High,0.7654820936639118,High,2026,GAM: cyclic Jday + SST anomaly + J-EGG500 IDW depth,historical_oisst_yearly_mean,NOAA OISST historical,Yearly mean of fixed-reference relative percentiles; not an absolute probability.
2026,2,32.802579,132.633563,56,41,56,C,安満地,安満地 / NetID 2,2026-07-01,2026-07-01,132,21.631818045454544,20.785570419306683,0.8462476261478608,0.12062845879366609,0.7524517906336088,NA,High,0.7524517906336088,High,2026,GAM: cyclic Jday + SST anomaly + J-EGG500 IDW depth,historical_oisst_yearly_mean,NOAA OISST historical,Yearly mean of fixed-reference relative percentiles; not an absolute probability.
2026,15,33.269809,134.202371,56.9,47,56.9,A,高岡,高岡 / NetID 15,2026-07-01,2026-07-01,132,21.929545227272726,20.785570419306683,1.1439748079660423,0.11940975954852173,0.7514462809917355,NA,High,0.7514462809917355,High,2026,GAM: cyclic Jday + SST anomaly + J-EGG500 IDW depth,historical_oisst_yearly_mean,NOAA OISST historical,Yearly mean of fixed-reference relative percentiles; not an absolute probability.
2026,20,33.593837,134.379416,36.1,33,36.1,A,鞆浦,鞆浦 / NetID 20,2026-07-01,2026-07-01,132,20.831817954545453,20.785570419306683,0.0462475352387699,0.10804786638328527,0.7387741046831956,NA,Moderate,0.7387741046831956,Moderate,2026,GAM: cyclic Jday + SST anomaly + J-EGG500 IDW depth,historical_oisst_yearly_mean,NOAA OISST historical,Yearly mean of fixed-reference relative percentiles; not an absolute probability.
2026,10,33.35765,133.337593,6.1,19,6.1,A,双子,双子 / NetID 10,2026-07-01,2026-07-01,132,21.502726954545455,20.785570419306683,0.7171565352387699,0.0773616138386059,0.6892148760330579,NA,Moderate,0.6892148760330579,Moderate,2026,GAM: cyclic Jday + SST anomaly + J-EGG500 IDW depth,historical_oisst_yearly_mean,NOAA OISST historical,Yearly mean of fixed-reference relative percentiles; not an absolute probability.
2026,12,33.400017,134.011099,23.7,26,23.7,A,奈半利,奈半利 / NetID 12,2026-07-01,2026-07-01,132,21.929545227272726,20.785570419306683,1.1439748079660423,0.048162414452102946,0.6161707988980716,NA,Moderate,0.6161707988980716,Moderate,2026,GAM: cyclic Jday + SST anomaly + J-EGG500 IDW depth,historical_oisst_yearly_mean,NOAA OISST historical,Yearly mean of fixed-reference relative percentiles; not an absolute probability.
2026,8,32.734923,133.029438,42.8,49,42.8,A,伊佐,伊佐 / NetID 8,2026-07-01,2026-07-01,132,23.077272545454544,20.785570419306683,2.291702126147861,0.04203580360891031,0.5967493112947658,NA,Moderate,0.5967493112947658,Moderate,2026,GAM: cyclic Jday + SST anomaly + J-EGG500 IDW depth,historical_oisst_yearly_mean,NOAA OISST historical,Yearly mean of fixed-reference relative percentiles; not an absolute probability.
2026,9,33.159542,133.224963,42,34,42,A,窪川,窪川 / NetID 9,2026-07-01,2026-07-01,132,21.60590890909091,20.785570419306683,0.8203384897842247,0.02720707345482065,0.5248760330578512,NA,Moderate,0.5248760330578512,Moderate,2026,GAM: cyclic Jday + SST anomaly + J-EGG500 IDW depth,historical_oisst_yearly_mean,NOAA OISST historical,Yearly mean of fixed-reference relative percentiles; not an absolute probability.
2026,1,32.793914,132.628975,40,30,40,A,一切,一切 / NetID 1,2026-07-01,2026-07-01,132,21.631818045454544,20.785570419306683,0.8462476261478608,0.02473302251480302,0.5078374655647383,NA,Moderate,0.5078374655647383,Moderate,2026,GAM: cyclic Jday + SST anomaly + J-EGG500 IDW depth,historical_oisst_yearly_mean,NOAA OISST historical,Yearly mean of fixed-reference relative percentiles; not an absolute probability.
2026,4,32.784353,132.703013,40.3,45,40.3,B,古満目,古満目 / NetID 4,2026-07-01,2026-07-01,132,21.631818045454544,20.785570419306683,0.8462476261478608,0.023982665445561227,0.5025482093663912,NA,Moderate,0.5025482093663912,Moderate,2026,GAM: cyclic Jday + SST anomaly + J-EGG500 IDW depth,historical_oisst_yearly_mean,NOAA OISST historical,Yearly mean of fixed-reference relative percentiles; not an absolute probability.
2026,13,33.360612,134.043999,17.1,23,17.1,A,羽根,羽根 / NetID 13,2026-07-01,2026-07-01,132,21.929545227272726,20.785570419306683,1.1439748079660423,0.015849761519525205,0.4351515151515152,NA,Low,0.4351515151515152,Low,2026,GAM: cyclic Jday + SST anomaly + J-EGG500 IDW depth,historical_oisst_yearly_mean,NOAA OISST historical,Yearly mean of fixed-reference relative percentiles; not an absolute probability.
